=> Merging a config file from configs/train_configs/A/A1/joint_A1.yaml
Configuration:
BASE: ['']
CRF_DATASETS: []
CRF_LEVELS: [0, 5, 10, 15, 20]
DEVICE: cuda:0
INFERENCE:
  BATCH_SIZE: 8
  EVALUATION_METHOD: FFT
  EVALUATION_WINDOW:
    USE_SMALLER_WINDOW: False
    WINDOW_SIZE: 10
  MODEL_PATH: 
LOG:
  PATH: runs/exp
MODEL:
  BIGSMALL:
    FRAME_DEPTH: 3
  DROP_RATE: 0.2
  EFFICIENTPHYS:
    FRAME_DEPTH: 10
  FactorizePhys:
    CHANNELS: 3
    FRAME_NUM: 160
    MD_FSAM: False
    MD_INFERENCE: True
    MD_R: 1
    MD_RESIDUAL: True
    MD_S: 1
    MD_STEPS: 4
    MD_TRANSFORM: T_KAB
    MD_TYPE: NMF
    TYPE: Standard
  MESSAGE: 
  MODEL_DIR: runs/exp/UBFC-rPPG_SizeW128_SizeH128_ClipLength160_DataTypeDiffNormalized_DataAugNone_LabelTypeDiffNormalized_Crop_faceTrue_BackendHC_Large_boxTrue_Large_size1.5_Dyamic_DetFalse_det_len30_Median_face_boxFalse/./runs/exp/A/A1
  NAME: JointSTPhys
  PHYSFORMER:
    DIM: 96
    DROPOUT_RATE: 0.2
    FF_DIM: 144
    IMAGE_SIZE: [160, 128, 128]
    NUM_HEADS: 4
    NUM_LAYERS: 12
    PATCHES: [4, 4, 4]
    PATCH_SIZE: 4
    PRETRAINED_PATH: /root/Compress-Robust-rPPG/final_model_release/PURE_PhysFormer_DiffNormalized.pth
    THETA: 0.7
  PHYSNET:
    FRAME_NUM: 64
  QAFC_PHYSFORMER:
    DIM: 64
    DROPOUT_RATE: 0.2
    FF_DIM: 256
    HIDDEN_SIZE: 128
    IMAGE_SIZE: [160, 128, 128]
    NUM_HEADS: 4
    NUM_LAYERS: 12
    PATCHES: [4, 4, 4]
    PRETRAINED_PATH: 
    QUALITY_CHANNELS: 64
    THETA: 0.2
    USE_BLOCK_PATTERN: True
  RESUME: 
  STVEN:
    PRETRAINED_PATH: 
    base_channels: 16
    frame_length: 160
    in_channels: 3
    num_bitrate_levels: 4
    num_st_blocks: 6
    out_channels: 3
    use_bitrate_labels: True
  TSCAN:
    FRAME_DEPTH: 10
  iBVPNet:
    CHANNELS: 3
    FRAME_NUM: 160
NUM_OF_GPU_TRAIN: 1
TEST:
  DATA:
    BEGIN: 0.9
    CACHED_PATH: /root/data/UBFC-rPPG-CRF20-cache/UBFC-rPPG-h264_SizeW128_SizeH128_ClipLength160_DataTypeDiffNormalized_DataAugNone_LabelTypeDiffNormalized_Crop_faceTrue_BackendHC_Large_boxTrue_Large_size1.5_Dyamic_DetFalse_det_len30_Median_face_boxFalse
    CRF_DATASETS:
      
    CRF_LEVELS: [0]
    DATASET: UBFC-rPPG-h264
    DATA_FORMAT: NCDHW
    DATA_PATH: /root/data/UBFC-rPPG-CRF20
    DO_PREPROCESS: False
    END: 1.0
    EXP_DATA_NAME: UBFC-rPPG-h264_SizeW128_SizeH128_ClipLength160_DataTypeDiffNormalized_DataAugNone_LabelTypeDiffNormalized_Crop_faceTrue_BackendHC_Large_boxTrue_Large_size1.5_Dyamic_DetFalse_det_len30_Median_face_boxFalse
    FILE_LIST_PATH: /root/data/UBFC-rPPG-CRF20-cache/DataFileLists/UBFC-rPPG-h264_SizeW128_SizeH128_ClipLength160_DataTypeDiffNormalized_DataAugNone_LabelTypeDiffNormalized_Crop_faceTrue_BackendHC_Large_boxTrue_Large_size1.5_Dyamic_DetFalse_det_len30_Median_face_boxFalse_0.9_1.0.csv
    FILTERING:
      EXCLUSION_LIST: ['']
      SELECT_TASKS: False
      TASK_LIST: ['']
      USE_EXCLUSION_LIST: False
    FOLD:
      FOLD_NAME: 
      FOLD_PATH: 
    FS: 30
    INFO:
      EXERCISE: [True]
      GENDER: ['']
      GLASSER: [True]
      HAIR_COVER: [True]
      LIGHT: ['']
      MAKEUP: [True]
      MOTION: ['']
      SKIN_COLOR: [1]
    PREPROCESS:
      BIGSMALL:
        BIG_DATA_TYPE: ['']
        RESIZE:
          BIG_H: 144
          BIG_W: 144
          SMALL_H: 9
          SMALL_W: 9
        SMALL_DATA_TYPE: ['']
      CHUNK_LENGTH: 160
      CROP_FACE:
        BACKEND: HC
        DETECTION:
          DO_DYNAMIC_DETECTION: False
          DYNAMIC_DETECTION_FREQUENCY: 30
          USE_MEDIAN_FACE_BOX: False
        DO_CROP_FACE: True
        LARGE_BOX_COEF: 1.5
        USE_LARGE_FACE_BOX: True
      DATA_AUG: ['None']
      DATA_TYPE: ['DiffNormalized']
      DO_CHUNK: True
      IBVP:
        DATA_MODE: RGB
      LABEL_TYPE: DiffNormalized
      RESIZE:
        H: 128
        W: 128
      USE_PSUEDO_PPG_LABEL: False
  METRICS: ['MAE', 'RMSE', 'MAPE', 'Pearson', 'SNR', 'BA']
  OUTPUT_SAVE_DIR: runs/exp/UBFC-rPPG-h264_SizeW128_SizeH128_ClipLength160_DataTypeDiffNormalized_DataAugNone_LabelTypeDiffNormalized_Crop_faceTrue_BackendHC_Large_boxTrue_Large_size1.5_Dyamic_DetFalse_det_len30_Median_face_boxFalse/saved_test_outputs
  USE_LAST_EPOCH: False
TOOLBOX_MODE: train_and_test
TRAIN:
  BATCH_SIZE: 8
  DATA:
    BEGIN: 0.0
    CACHED_PATH: /root/data/UBFC-rPPG-cache/UBFC-rPPG_SizeW128_SizeH128_ClipLength160_DataTypeDiffNormalized_DataAugNone_LabelTypeDiffNormalized_Crop_faceTrue_BackendHC_Large_boxTrue_Large_size1.5_Dyamic_DetFalse_det_len30_Median_face_boxFalse
    CRF_DATASETS:
      0: /root/data/UBFC-rPPG-CRF0
      14: /root/data/UBFC-rPPG-CRF14
      20: /root/data/UBFC-rPPG-CRF20
      24: /root/data/UBFC-rPPG-CRF24
    CRF_LEVELS: [0, 14, 20, 24]
    DATASET: UBFC-rPPG
    DATA_FORMAT: NCDHW
    DATA_PATH: /root/data
    DO_PREPROCESS: False
    END: 0.79
    EXP_DATA_NAME: UBFC-rPPG_SizeW128_SizeH128_ClipLength160_DataTypeDiffNormalized_DataAugNone_LabelTypeDiffNormalized_Crop_faceTrue_BackendHC_Large_boxTrue_Large_size1.5_Dyamic_DetFalse_det_len30_Median_face_boxFalse
    FILE_LIST_PATH: /root/data/UBFC-rPPG-cache/DataFileLists/UBFC-rPPG_SizeW128_SizeH128_ClipLength160_DataTypeDiffNormalized_DataAugNone_LabelTypeDiffNormalized_Crop_faceTrue_BackendHC_Large_boxTrue_Large_size1.5_Dyamic_DetFalse_det_len30_Median_face_boxFalse_0.0_0.79.csv
    FILTERING:
      EXCLUSION_LIST: ['']
      SELECT_TASKS: False
      TASK_LIST: ['']
      USE_EXCLUSION_LIST: False
    FOLD:
      FOLD_NAME: 
      FOLD_PATH: 
    FS: 30
    INFO:
      EXERCISE: [True]
      GENDER: ['']
      GLASSER: [True]
      HAIR_COVER: [True]
      LIGHT: ['']
      MAKEUP: [True]
      MOTION: ['']
      SKIN_COLOR: [1]
    PREPROCESS:
      BIGSMALL:
        BIG_DATA_TYPE: ['']
        RESIZE:
          BIG_H: 144
          BIG_W: 144
          SMALL_H: 9
          SMALL_W: 9
        SMALL_DATA_TYPE: ['']
      CHUNK_LENGTH: 160
      CROP_FACE:
        BACKEND: HC
        DETECTION:
          DO_DYNAMIC_DETECTION: False
          DYNAMIC_DETECTION_FREQUENCY: 30
          USE_MEDIAN_FACE_BOX: False
        DO_CROP_FACE: True
        LARGE_BOX_COEF: 1.5
        USE_LARGE_FACE_BOX: True
      DATA_AUG: ['None']
      DATA_TYPE: ['DiffNormalized']
      DO_CHUNK: True
      IBVP:
        DATA_MODE: RGB
      LABEL_TYPE: DiffNormalized
      RESIZE:
        H: 128
        W: 128
      USE_PSUEDO_PPG_LABEL: False
  EPOCHS: 8
  LR: 0.001
  MODEL_FILE_NAME: 
  OPTIMIZER:
    BETAS: (0.9, 0.999)
    EPS: 0.0001
    MOMENTUM: 0.9
  PLOT_LOSSES_AND_LR: True
  QAFC:
    PHASE1_CHECKPOINT: 
    PHASE_BOUNDARY: 70
    RANKING_MARGIN: 0.1
    TRAINING_PHASE: 1
UNSUPERVISED:
  DATA:
    BEGIN: 0.0
    CACHED_PATH: PreprocessedData/_SizeW128_SizeH128_ClipLength180_DataType_DataAugNone_LabelType_Crop_faceTrue_BackendHC_Large_boxTrue_Large_size1.5_Dyamic_DetFalse_det_len30_Median_face_boxFalse_unsupervised
    DATASET: 
    DATA_FORMAT: NDCHW
    DATA_PATH: 
    DO_PREPROCESS: False
    END: 1.0
    EXP_DATA_NAME: _SizeW128_SizeH128_ClipLength180_DataType_DataAugNone_LabelType_Crop_faceTrue_BackendHC_Large_boxTrue_Large_size1.5_Dyamic_DetFalse_det_len30_Median_face_boxFalse_unsupervised
    FILE_LIST_PATH: PreprocessedData/DataFileLists/_SizeW128_SizeH128_ClipLength180_DataType_DataAugNone_LabelType_Crop_faceTrue_BackendHC_Large_boxTrue_Large_size1.5_Dyamic_DetFalse_det_len30_Median_face_boxFalse_unsupervised_0.0_1.0.csv
    FILTERING:
      EXCLUSION_LIST: ['']
      SELECT_TASKS: False
      TASK_LIST: ['']
      USE_EXCLUSION_LIST: False
    FOLD:
      FOLD_NAME: 
      FOLD_PATH: 
    FS: 0
    INFO:
      EXERCISE: [True]
      GENDER: ['']
      GLASSER: [True]
      HAIR_COVER: [True]
      LIGHT: ['']
      MAKEUP: [True]
      MOTION: ['']
      SKIN_COLOR: [1]
    PREPROCESS:
      CHUNK_LENGTH: 180
      CROP_FACE:
        BACKEND: HC
        DETECTION:
          DO_DYNAMIC_DETECTION: False
          DYNAMIC_DETECTION_FREQUENCY: 30
          USE_MEDIAN_FACE_BOX: False
        DO_CROP_FACE: True
        LARGE_BOX_COEF: 1.5
        USE_LARGE_FACE_BOX: True
      DATA_AUG: ['None']
      DATA_TYPE: ['']
      DO_CHUNK: True
      IBVP:
        DATA_MODE: RGB
      LABEL_TYPE: 
      RESIZE:
        H: 128
        W: 128
      USE_PSUEDO_PPG_LABEL: False
  METHOD: []
  METRICS: []
  OUTPUT_SAVE_DIR: 
VALID:
  DATA:
    BEGIN: 0.79
    CACHED_PATH: /root/data/UBFC-rPPG-cache/UBFC-rPPG_SizeW128_SizeH128_ClipLength160_DataTypeDiffNormalized_DataAugNone_LabelTypeDiffNormalized_Crop_faceTrue_BackendHC_Large_boxTrue_Large_size1.5_Dyamic_DetFalse_det_len30_Median_face_boxFalse
    CRF_DATASETS:
      0: /root/data/UBFC-rPPG-CRF0
      14: /root/data/UBFC-rPPG-CRF14
      20: /root/data/UBFC-rPPG-CRF20
      24: /root/data/UBFC-rPPG-CRF24
    CRF_LEVELS: [0, 14, 20, 24]
    DATASET: UBFC-rPPG
    DATA_FORMAT: NCDHW
    DATA_PATH: /root/data
    DO_PREPROCESS: False
    END: 0.9
    EXP_DATA_NAME: UBFC-rPPG_SizeW128_SizeH128_ClipLength160_DataTypeDiffNormalized_DataAugNone_LabelTypeDiffNormalized_Crop_faceTrue_BackendHC_Large_boxTrue_Large_size1.5_Dyamic_DetFalse_det_len30_Median_face_boxFalse
    FILE_LIST_PATH: /root/data/UBFC-rPPG-cache/DataFileLists/UBFC-rPPG_SizeW128_SizeH128_ClipLength160_DataTypeDiffNormalized_DataAugNone_LabelTypeDiffNormalized_Crop_faceTrue_BackendHC_Large_boxTrue_Large_size1.5_Dyamic_DetFalse_det_len30_Median_face_boxFalse_0.79_0.9.csv
    FILTERING:
      EXCLUSION_LIST: ['']
      SELECT_TASKS: False
      TASK_LIST: ['']
      USE_EXCLUSION_LIST: False
    FOLD:
      FOLD_NAME: 
      FOLD_PATH: 
    FS: 30
    INFO:
      EXERCISE: [True]
      GENDER: ['']
      GLASSER: [True]
      HAIR_COVER: [True]
      LIGHT: ['']
      MAKEUP: [True]
      MOTION: ['']
      SKIN_COLOR: [1]
    PREPROCESS:
      BIGSMALL:
        BIG_DATA_TYPE: ['']
        RESIZE:
          BIG_H: 144
          BIG_W: 144
          SMALL_H: 9
          SMALL_W: 9
        SMALL_DATA_TYPE: ['']
      CHUNK_LENGTH: 160
      CROP_FACE:
        BACKEND: HC
        DETECTION:
          DO_DYNAMIC_DETECTION: False
          DYNAMIC_DETECTION_FREQUENCY: 30
          USE_MEDIAN_FACE_BOX: False
        DO_CROP_FACE: True
        LARGE_BOX_COEF: 1.5
        USE_LARGE_FACE_BOX: True
      DATA_AUG: ['None']
      DATA_TYPE: ['DiffNormalized']
      DO_CHUNK: True
      IBVP:
        DATA_MODE: RGB
      LABEL_TYPE: DiffNormalized
      RESIZE:
        H: 128
        W: 128
      USE_PSUEDO_PPG_LABEL: False

Cached Data Path /root/data/UBFC-rPPG-cache/UBFC-rPPG_SizeW128_SizeH128_ClipLength160_DataTypeDiffNormalized_DataAugNone_LabelTypeDiffNormalized_Crop_faceTrue_BackendHC_Large_boxTrue_Large_size1.5_Dyamic_DetFalse_det_len30_Median_face_boxFalse

File List Path /root/data/UBFC-rPPG-cache/DataFileLists/UBFC-rPPG_SizeW128_SizeH128_ClipLength160_DataTypeDiffNormalized_DataAugNone_LabelTypeDiffNormalized_Crop_faceTrue_BackendHC_Large_boxTrue_Large_size1.5_Dyamic_DetFalse_det_len30_Median_face_boxFalse_0.0_0.79.csv
 train Preprocessed Dataset Length: 1500

Cached Data Path /root/data/UBFC-rPPG-cache/UBFC-rPPG_SizeW128_SizeH128_ClipLength160_DataTypeDiffNormalized_DataAugNone_LabelTypeDiffNormalized_Crop_faceTrue_BackendHC_Large_boxTrue_Large_size1.5_Dyamic_DetFalse_det_len30_Median_face_boxFalse

File List Path /root/data/UBFC-rPPG-cache/DataFileLists/UBFC-rPPG_SizeW128_SizeH128_ClipLength160_DataTypeDiffNormalized_DataAugNone_LabelTypeDiffNormalized_Crop_faceTrue_BackendHC_Large_boxTrue_Large_size1.5_Dyamic_DetFalse_det_len30_Median_face_boxFalse_0.79_0.9.csv
 valid Preprocessed Dataset Length: 192

Cached Data Path /root/data/UBFC-rPPG-CRF20-cache/UBFC-rPPG-h264_SizeW128_SizeH128_ClipLength160_DataTypeDiffNormalized_DataAugNone_LabelTypeDiffNormalized_Crop_faceTrue_BackendHC_Large_boxTrue_Large_size1.5_Dyamic_DetFalse_det_len30_Median_face_boxFalse

File List Path /root/data/UBFC-rPPG-CRF20-cache/DataFileLists/UBFC-rPPG-h264_SizeW128_SizeH128_ClipLength160_DataTypeDiffNormalized_DataAugNone_LabelTypeDiffNormalized_Crop_faceTrue_BackendHC_Large_boxTrue_Large_size1.5_Dyamic_DetFalse_det_len30_Median_face_boxFalse_0.9_1.0.csv
 test Preprocessed Dataset Length: 57

Warning: No pretrained path provided for STVEN. Using random init.
Loading PhysFormer weights from /root/Compress-Robust-rPPG/final_model_release/PURE_PhysFormer_DiffNormalized.pth
==== Joint Training Epoch: 0 ====

  0%|                                                   | 0/188 [00:00<?, ?it/s]
Loss: 0.8865:   0%|                                     | 0/188 [01:14<?, ?it/s]
Loss: 0.8865:   1%|▏                          | 1/188 [01:14<3:50:58, 74.11s/it]
Loss: 1.0503:   1%|▏                          | 1/188 [01:15<3:50:58, 74.11s/it]
Loss: 1.0503:   1%|▎                          | 2/188 [01:15<1:37:17, 31.38s/it]
Loss: 0.9720:   1%|▎                          | 2/188 [01:17<1:37:17, 31.38s/it]
Loss: 0.9720:   2%|▍                            | 3/188 [01:17<54:38, 17.72s/it]
Loss: 0.9954:   2%|▍                            | 3/188 [01:18<54:38, 17.72s/it]
Loss: 0.9954:   2%|▌                            | 4/188 [01:18<34:40, 11.31s/it]
Loss: 1.0103:   2%|▌                            | 4/188 [01:19<34:40, 11.31s/it]
Loss: 1.0103:   3%|▊                            | 5/188 [01:19<23:39,  7.76s/it]
Loss: 0.9944:   3%|▊                            | 5/188 [01:21<23:39,  7.76s/it]
Loss: 0.9944:   3%|▉                            | 6/188 [01:21<17:03,  5.62s/it]
Loss: 0.9752:   3%|▉                            | 6/188 [01:22<17:03,  5.62s/it]
Loss: 0.9752:   4%|█                            | 7/188 [01:22<12:51,  4.26s/it]
Loss: 1.0595:   4%|█                            | 7/188 [01:24<12:51,  4.26s/it]
Loss: 1.0595:   4%|█▏                           | 8/188 [01:24<10:07,  3.37s/it]
Loss: 0.9685:   4%|█▏                           | 8/188 [01:25<10:07,  3.37s/it]
Loss: 0.9685:   5%|█▍                           | 9/188 [01:25<08:17,  2.78s/it]
Loss: 0.9808:   5%|█▍                           | 9/188 [01:27<08:17,  2.78s/it]
Loss: 0.9808:   5%|█▍                          | 10/188 [01:27<07:02,  2.38s/it]
Loss: 0.9810:   5%|█▍                          | 10/188 [01:28<07:02,  2.38s/it]
Loss: 0.9810:   6%|█▋                          | 11/188 [01:28<06:11,  2.10s/it]
Loss: 0.9554:   6%|█▋                          | 11/188 [01:30<06:11,  2.10s/it]
Loss: 0.9554:   6%|█▊                          | 12/188 [01:30<05:35,  1.91s/it]
Loss: 1.0548:   6%|█▊                          | 12/188 [01:31<05:35,  1.91s/it]
Loss: 1.0548:   7%|█▉                          | 13/188 [01:31<05:11,  1.78s/it]
Loss: 1.0183:   7%|█▉                          | 13/188 [01:33<05:11,  1.78s/it]
Loss: 1.0183:   7%|██                          | 14/188 [01:33<04:52,  1.68s/it]
Loss: 1.0076:   7%|██                          | 14/188 [01:34<04:52,  1.68s/it]
Loss: 1.0076:   8%|██▏                         | 15/188 [01:34<04:40,  1.62s/it]
Loss: 1.0515:   8%|██▏                         | 15/188 [01:36<04:40,  1.62s/it]
Loss: 1.0515:   9%|██▍                         | 16/188 [01:36<04:31,  1.58s/it]
Loss: 0.9660:   9%|██▍                         | 16/188 [01:37<04:31,  1.58s/it]
Loss: 0.9660:   9%|██▌                         | 17/188 [01:37<04:24,  1.55s/it]
Loss: 0.9695:   9%|██▌                         | 17/188 [01:39<04:24,  1.55s/it]
Loss: 0.9695:  10%|██▋                         | 18/188 [01:39<04:20,  1.53s/it]
Loss: 1.0000:  10%|██▋                         | 18/188 [01:40<04:20,  1.53s/it]
Loss: 1.0000:  10%|██▊                         | 19/188 [01:40<04:15,  1.51s/it]
Loss: 0.9237:  10%|██▊                         | 19/188 [01:42<04:15,  1.51s/it]
Loss: 0.9237:  11%|██▉                         | 20/188 [01:42<04:12,  1.50s/it]
Loss: 0.9298:  11%|██▉                         | 20/188 [01:43<04:12,  1.50s/it]
Loss: 0.9298:  11%|███▏                        | 21/188 [01:43<04:09,  1.49s/it]
Loss: 0.9517:  11%|███▏                        | 21/188 [01:45<04:09,  1.49s/it]
Loss: 0.9517:  12%|███▎                        | 22/188 [01:45<04:06,  1.49s/it]
Loss: 1.0221:  12%|███▎                        | 22/188 [01:46<04:06,  1.49s/it]
Loss: 1.0221:  12%|███▍                        | 23/188 [01:46<04:04,  1.48s/it]
Loss: 1.0072:  12%|███▍                        | 23/188 [01:47<04:04,  1.48s/it]
Loss: 1.0072:  13%|███▌                        | 24/188 [01:47<04:02,  1.48s/it]
Loss: 1.0300:  13%|███▌                        | 24/188 [01:49<04:02,  1.48s/it]
Loss: 1.0300:  13%|███▋                        | 25/188 [01:49<04:01,  1.48s/it]
Loss: 0.9774:  13%|███▋                        | 25/188 [01:50<04:01,  1.48s/it]
Loss: 0.9774:  14%|███▊                        | 26/188 [01:50<04:01,  1.49s/it]
Loss: 1.0055:  14%|███▊                        | 26/188 [01:52<04:01,  1.49s/it]
Loss: 1.0055:  14%|████                        | 27/188 [01:52<04:00,  1.50s/it]
Loss: 1.0655:  14%|████                        | 27/188 [01:53<04:00,  1.50s/it]
Loss: 1.0655:  15%|████▏                       | 28/188 [01:53<03:58,  1.49s/it]
Loss: 1.0252:  15%|████▏                       | 28/188 [01:55<03:58,  1.49s/it]
Loss: 1.0252:  15%|████▎                       | 29/188 [01:55<03:56,  1.49s/it]
Loss: 0.9998:  15%|████▎                       | 29/188 [01:56<03:56,  1.49s/it]
Loss: 0.9998:  16%|████▍                       | 30/188 [01:56<03:54,  1.48s/it]
Loss: 0.9402:  16%|████▍                       | 30/188 [01:58<03:54,  1.48s/it]
Loss: 0.9402:  16%|████▌                       | 31/188 [01:58<03:52,  1.48s/it]
Loss: 0.9988:  16%|████▌                       | 31/188 [01:59<03:52,  1.48s/it]
Loss: 0.9988:  17%|████▊                       | 32/188 [01:59<03:50,  1.48s/it]
Loss: 0.9408:  17%|████▊                       | 32/188 [02:01<03:50,  1.48s/it]
Loss: 0.9408:  18%|████▉                       | 33/188 [02:01<03:49,  1.48s/it]
Loss: 0.9469:  18%|████▉                       | 33/188 [02:02<03:49,  1.48s/it]
Loss: 0.9469:  18%|█████                       | 34/188 [02:02<03:47,  1.48s/it]
Loss: 0.9931:  18%|█████                       | 34/188 [02:04<03:47,  1.48s/it]
Loss: 0.9931:  19%|█████▏                      | 35/188 [02:04<03:46,  1.48s/it]
Loss: 0.9203:  19%|█████▏                      | 35/188 [02:05<03:46,  1.48s/it]
Loss: 0.9203:  19%|█████▎                      | 36/188 [02:05<03:44,  1.48s/it]
Loss: 0.9952:  19%|█████▎                      | 36/188 [02:07<03:44,  1.48s/it]
Loss: 0.9952:  20%|█████▌                      | 37/188 [02:07<03:43,  1.48s/it]
Loss: 0.9138:  20%|█████▌                      | 37/188 [02:08<03:43,  1.48s/it]
Loss: 0.9138:  20%|█████▋                      | 38/188 [02:08<03:41,  1.48s/it]
Loss: 0.8922:  20%|█████▋                      | 38/188 [02:10<03:41,  1.48s/it]
Loss: 0.8922:  21%|█████▊                      | 39/188 [02:10<03:40,  1.48s/it]
Loss: 0.8678:  21%|█████▊                      | 39/188 [02:11<03:40,  1.48s/it]
Loss: 0.8678:  21%|█████▉                      | 40/188 [02:11<03:39,  1.48s/it]
Loss: 0.7206:  21%|█████▉                      | 40/188 [02:13<03:39,  1.48s/it]
Loss: 0.7206:  22%|██████                      | 41/188 [02:13<03:37,  1.48s/it]
Loss: 0.7818:  22%|██████                      | 41/188 [02:14<03:37,  1.48s/it]
Loss: 0.7818:  22%|██████▎                     | 42/188 [02:14<03:36,  1.48s/it]
Loss: 0.7566:  22%|██████▎                     | 42/188 [02:16<03:36,  1.48s/it]
Loss: 0.7566:  23%|██████▍                     | 43/188 [02:16<03:34,  1.48s/it]
Loss: 0.7803:  23%|██████▍                     | 43/188 [02:17<03:34,  1.48s/it]
Loss: 0.7803:  23%|██████▌                     | 44/188 [02:17<03:33,  1.48s/it]
Loss: 0.7755:  23%|██████▌                     | 44/188 [02:19<03:33,  1.48s/it]
Loss: 0.7755:  24%|██████▋                     | 45/188 [02:19<03:31,  1.48s/it]
Loss: 0.6784:  24%|██████▋                     | 45/188 [02:20<03:31,  1.48s/it]
Loss: 0.6784:  24%|██████▊                     | 46/188 [02:20<03:30,  1.48s/it]
Loss: 0.8297:  24%|██████▊                     | 46/188 [02:22<03:30,  1.48s/it]
Loss: 0.8297:  25%|███████                     | 47/188 [02:22<03:30,  1.49s/it]
Loss: 0.7747:  25%|███████                     | 47/188 [02:23<03:30,  1.49s/it]
Loss: 0.7747:  26%|███████▏                    | 48/188 [02:23<03:29,  1.50s/it]
Loss: 0.8067:  26%|███████▏                    | 48/188 [02:25<03:29,  1.50s/it]
Loss: 0.8067:  26%|███████▎                    | 49/188 [02:25<03:28,  1.50s/it]
Loss: 0.6794:  26%|███████▎                    | 49/188 [02:26<03:28,  1.50s/it]
Loss: 0.6794:  27%|███████▍                    | 50/188 [02:26<03:26,  1.50s/it]
Loss: 0.6773:  27%|███████▍                    | 50/188 [02:28<03:26,  1.50s/it]
Loss: 0.6773:  27%|███████▌                    | 51/188 [02:28<03:25,  1.50s/it]
Loss: 0.6807:  27%|███████▌                    | 51/188 [02:29<03:25,  1.50s/it]
Loss: 0.6807:  28%|███████▋                    | 52/188 [02:29<03:23,  1.50s/it]
Loss: 0.6517:  28%|███████▋                    | 52/188 [02:31<03:23,  1.50s/it]
Loss: 0.6517:  28%|███████▉                    | 53/188 [02:31<03:21,  1.49s/it]
Loss: 0.4865:  28%|███████▉                    | 53/188 [02:32<03:21,  1.49s/it]
Loss: 0.4865:  29%|████████                    | 54/188 [02:32<03:19,  1.49s/it]
Loss: 0.6610:  29%|████████                    | 54/188 [02:34<03:19,  1.49s/it]
Loss: 0.6610:  29%|████████▏                   | 55/188 [02:34<03:17,  1.49s/it]
Loss: 0.4978:  29%|████████▏                   | 55/188 [02:35<03:17,  1.49s/it]
Loss: 0.4978:  30%|████████▎                   | 56/188 [02:35<03:16,  1.49s/it]
Loss: 0.6408:  30%|████████▎                   | 56/188 [02:37<03:16,  1.49s/it]
Loss: 0.6408:  30%|████████▍                   | 57/188 [02:37<03:14,  1.49s/it]
Loss: 0.5674:  30%|████████▍                   | 57/188 [02:38<03:14,  1.49s/it]
Loss: 0.5674:  31%|████████▋                   | 58/188 [02:38<03:12,  1.48s/it]
Loss: 0.4544:  31%|████████▋                   | 58/188 [02:40<03:12,  1.48s/it]
Loss: 0.4544:  31%|████████▊                   | 59/188 [02:40<03:11,  1.48s/it]
Loss: 0.5704:  31%|████████▊                   | 59/188 [02:41<03:11,  1.48s/it]
Loss: 0.5704:  32%|████████▉                   | 60/188 [02:41<03:09,  1.48s/it]
Loss: 0.4386:  32%|████████▉                   | 60/188 [02:42<03:09,  1.48s/it]
Loss: 0.4386:  32%|█████████                   | 61/188 [02:42<03:08,  1.48s/it]
Loss: 0.5853:  32%|█████████                   | 61/188 [02:44<03:08,  1.48s/it]
Loss: 0.5853:  33%|█████████▏                  | 62/188 [02:44<03:06,  1.48s/it]
Loss: 0.4947:  33%|█████████▏                  | 62/188 [02:45<03:06,  1.48s/it]
Loss: 0.4947:  34%|█████████▍                  | 63/188 [02:45<03:05,  1.48s/it]
Loss: 0.6896:  34%|█████████▍                  | 63/188 [02:47<03:05,  1.48s/it]
Loss: 0.6896:  34%|█████████▌                  | 64/188 [02:47<03:03,  1.48s/it]
Loss: 0.4445:  34%|█████████▌                  | 64/188 [02:48<03:03,  1.48s/it]
Loss: 0.4445:  35%|█████████▋                  | 65/188 [02:48<03:01,  1.48s/it]
Loss: 0.5500:  35%|█████████▋                  | 65/188 [02:50<03:01,  1.48s/it]
Loss: 0.5500:  35%|█████████▊                  | 66/188 [02:50<03:00,  1.48s/it]
Loss: 0.4732:  35%|█████████▊                  | 66/188 [02:51<03:00,  1.48s/it]
Loss: 0.4732:  36%|█████████▉                  | 67/188 [02:51<02:59,  1.48s/it]
Loss: 0.4592:  36%|█████████▉                  | 67/188 [02:53<02:59,  1.48s/it]
Loss: 0.4592:  36%|██████████▏                 | 68/188 [02:53<02:58,  1.49s/it]
Loss: 0.4930:  36%|██████████▏                 | 68/188 [02:54<02:58,  1.49s/it]
Loss: 0.4930:  37%|██████████▎                 | 69/188 [02:54<02:56,  1.48s/it]
Loss: 0.6253:  37%|██████████▎                 | 69/188 [02:56<02:56,  1.48s/it]
Loss: 0.6253:  37%|██████████▍                 | 70/188 [02:56<02:55,  1.48s/it]
Loss: 0.4978:  37%|██████████▍                 | 70/188 [02:57<02:55,  1.48s/it]
Loss: 0.4978:  38%|██████████▌                 | 71/188 [02:57<02:53,  1.48s/it]
Loss: 0.5495:  38%|██████████▌                 | 71/188 [02:59<02:53,  1.48s/it]
Loss: 0.5495:  38%|██████████▋                 | 72/188 [02:59<02:52,  1.48s/it]
Loss: 0.3228:  38%|██████████▋                 | 72/188 [03:00<02:52,  1.48s/it]
Loss: 0.3228:  39%|██████████▊                 | 73/188 [03:00<02:50,  1.48s/it]
Loss: 0.5543:  39%|██████████▊                 | 73/188 [03:02<02:50,  1.48s/it]
Loss: 0.5543:  39%|███████████                 | 74/188 [03:02<02:49,  1.48s/it]
Loss: 0.5638:  39%|███████████                 | 74/188 [03:03<02:49,  1.48s/it]
Loss: 0.5638:  40%|███████████▏                | 75/188 [03:03<02:47,  1.48s/it]
Loss: 0.6244:  40%|███████████▏                | 75/188 [03:05<02:47,  1.48s/it]
Loss: 0.6244:  40%|███████████▎                | 76/188 [03:05<02:46,  1.49s/it]
Loss: 0.5933:  40%|███████████▎                | 76/188 [03:06<02:46,  1.49s/it]
Loss: 0.5933:  41%|███████████▍                | 77/188 [03:06<02:44,  1.48s/it]
Loss: 0.5250:  41%|███████████▍                | 77/188 [03:08<02:44,  1.48s/it]
Loss: 0.5250:  41%|███████████▌                | 78/188 [03:08<02:44,  1.50s/it]
Loss: 0.5113:  41%|███████████▌                | 78/188 [03:09<02:44,  1.50s/it]
Loss: 0.5113:  42%|███████████▊                | 79/188 [03:09<02:43,  1.50s/it]
Loss: 0.4414:  42%|███████████▊                | 79/188 [03:11<02:43,  1.50s/it]
Loss: 0.4414:  43%|███████████▉                | 80/188 [03:11<02:41,  1.50s/it]
Loss: 0.5189:  43%|███████████▉                | 80/188 [03:12<02:41,  1.50s/it]
Loss: 0.5189:  43%|████████████                | 81/188 [03:12<02:39,  1.49s/it]
Loss: 0.6590:  43%|████████████                | 81/188 [03:14<02:39,  1.49s/it]
Loss: 0.6590:  44%|████████████▏               | 82/188 [03:14<02:38,  1.49s/it]
Loss: 0.4760:  44%|████████████▏               | 82/188 [03:15<02:38,  1.49s/it]
Loss: 0.4760:  44%|████████████▎               | 83/188 [03:15<02:36,  1.50s/it]
Loss: 0.4324:  44%|████████████▎               | 83/188 [03:17<02:36,  1.50s/it]
Loss: 0.4324:  45%|████████████▌               | 84/188 [03:17<02:35,  1.49s/it]
Loss: 0.5736:  45%|████████████▌               | 84/188 [03:18<02:35,  1.49s/it]
Loss: 0.5736:  45%|████████████▋               | 85/188 [03:18<02:33,  1.49s/it]
Loss: 0.4327:  45%|████████████▋               | 85/188 [03:20<02:33,  1.49s/it]
Loss: 0.4327:  46%|████████████▊               | 86/188 [03:20<02:32,  1.49s/it]
Loss: 0.3509:  46%|████████████▊               | 86/188 [03:21<02:32,  1.49s/it]
Loss: 0.3509:  46%|████████████▉               | 87/188 [03:21<02:30,  1.49s/it]
Loss: 0.6490:  46%|████████████▉               | 87/188 [03:23<02:30,  1.49s/it]
Loss: 0.6490:  47%|█████████████               | 88/188 [03:23<02:28,  1.49s/it]
Loss: 0.6202:  47%|█████████████               | 88/188 [03:24<02:28,  1.49s/it]
Loss: 0.6202:  47%|█████████████▎              | 89/188 [03:24<02:27,  1.49s/it]
Loss: 0.5344:  47%|█████████████▎              | 89/188 [03:26<02:27,  1.49s/it]
Loss: 0.5344:  48%|█████████████▍              | 90/188 [03:26<02:25,  1.49s/it]
Loss: 0.3181:  48%|█████████████▍              | 90/188 [03:27<02:25,  1.49s/it]
Loss: 0.3181:  48%|█████████████▌              | 91/188 [03:27<02:23,  1.48s/it]
Loss: 0.4374:  48%|█████████████▌              | 91/188 [03:29<02:23,  1.48s/it]
Loss: 0.4374:  49%|█████████████▋              | 92/188 [03:29<02:22,  1.48s/it]
Loss: 0.4104:  49%|█████████████▋              | 92/188 [03:30<02:22,  1.48s/it]
Loss: 0.4104:  49%|█████████████▊              | 93/188 [03:30<02:20,  1.48s/it]
Loss: 0.4379:  49%|█████████████▊              | 93/188 [03:32<02:20,  1.48s/it]
Loss: 0.4379:  50%|██████████████              | 94/188 [03:32<02:19,  1.48s/it]
Loss: 0.4306:  50%|██████████████              | 94/188 [03:33<02:19,  1.48s/it]
Loss: 0.4306:  51%|██████████████▏             | 95/188 [03:33<02:18,  1.48s/it]
Loss: 0.4501:  51%|██████████████▏             | 95/188 [03:34<02:18,  1.48s/it]
Loss: 0.4501:  51%|██████████████▎             | 96/188 [03:34<02:16,  1.48s/it]
Loss: 0.4347:  51%|██████████████▎             | 96/188 [03:36<02:16,  1.48s/it]
Loss: 0.4347:  52%|██████████████▍             | 97/188 [03:36<02:15,  1.48s/it]
Loss: 0.4970:  52%|██████████████▍             | 97/188 [03:37<02:15,  1.48s/it]
Loss: 0.4970:  52%|██████████████▌             | 98/188 [03:37<02:13,  1.48s/it]
Loss: 0.6643:  52%|██████████████▌             | 98/188 [03:39<02:13,  1.48s/it]
Loss: 0.6643:  53%|██████████████▋             | 99/188 [03:39<02:12,  1.48s/it]
Loss: 0.5298:  53%|██████████████▋             | 99/188 [03:40<02:12,  1.48s/it]
Loss: 0.5298:  53%|██████████████▎            | 100/188 [03:40<02:10,  1.49s/it]
Loss: 0.4902:  53%|██████████████▎            | 100/188 [03:42<02:10,  1.49s/it]
Loss: 0.4902:  54%|██████████████▌            | 101/188 [03:42<02:09,  1.48s/it]
Loss: 0.4684:  54%|██████████████▌            | 101/188 [03:43<02:09,  1.48s/it]
Loss: 0.4684:  54%|██████████████▋            | 102/188 [03:43<02:07,  1.48s/it]
Loss: 0.2656:  54%|██████████████▋            | 102/188 [03:45<02:07,  1.48s/it]
Loss: 0.2656:  55%|██████████████▊            | 103/188 [03:45<02:06,  1.48s/it]
Loss: 0.5423:  55%|██████████████▊            | 103/188 [03:46<02:06,  1.48s/it]
Loss: 0.5423:  55%|██████████████▉            | 104/188 [03:46<02:04,  1.48s/it]
Loss: 0.4441:  55%|██████████████▉            | 104/188 [03:48<02:04,  1.48s/it]
Loss: 0.4441:  56%|███████████████            | 105/188 [03:48<02:03,  1.48s/it]
Loss: 0.4609:  56%|███████████████            | 105/188 [03:49<02:03,  1.48s/it]
Loss: 0.4609:  56%|███████████████▏           | 106/188 [03:49<02:01,  1.48s/it]
Loss: 0.4116:  56%|███████████████▏           | 106/188 [03:51<02:01,  1.48s/it]
Loss: 0.4116:  57%|███████████████▎           | 107/188 [03:51<02:00,  1.48s/it]
Loss: 0.4975:  57%|███████████████▎           | 107/188 [03:52<02:00,  1.48s/it]
Loss: 0.4975:  57%|███████████████▌           | 108/188 [03:52<01:58,  1.48s/it]
Loss: 0.5024:  57%|███████████████▌           | 108/188 [03:54<01:58,  1.48s/it]
Loss: 0.5024:  58%|███████████████▋           | 109/188 [03:54<01:57,  1.48s/it]
Loss: 0.4254:  58%|███████████████▋           | 109/188 [03:55<01:57,  1.48s/it]
Loss: 0.4254:  59%|███████████████▊           | 110/188 [03:55<01:55,  1.49s/it]
Loss: 0.5398:  59%|███████████████▊           | 110/188 [03:57<01:55,  1.49s/it]
Loss: 0.5398:  59%|███████████████▉           | 111/188 [03:57<01:54,  1.48s/it]
Loss: 0.5634:  59%|███████████████▉           | 111/188 [03:58<01:54,  1.48s/it]
Loss: 0.5634:  60%|████████████████           | 112/188 [03:58<01:52,  1.48s/it]
Loss: 0.5628:  60%|████████████████           | 112/188 [04:00<01:52,  1.48s/it]
Loss: 0.5628:  60%|████████████████▏          | 113/188 [04:00<01:51,  1.48s/it]
Loss: 0.4750:  60%|████████████████▏          | 113/188 [04:01<01:51,  1.48s/it]
Loss: 0.4750:  61%|████████████████▎          | 114/188 [04:01<01:49,  1.48s/it]
Loss: 0.4804:  61%|████████████████▎          | 114/188 [04:03<01:49,  1.48s/it]
Loss: 0.4804:  61%|████████████████▌          | 115/188 [04:03<01:48,  1.49s/it]
Loss: 0.4069:  61%|████████████████▌          | 115/188 [04:04<01:48,  1.49s/it]
Loss: 0.4069:  62%|████████████████▋          | 116/188 [04:04<01:47,  1.49s/it]
Loss: 0.5562:  62%|████████████████▋          | 116/188 [04:06<01:47,  1.49s/it]
Loss: 0.5562:  62%|████████████████▊          | 117/188 [04:06<01:45,  1.49s/it]
Loss: 0.5555:  62%|████████████████▊          | 117/188 [04:07<01:45,  1.49s/it]
Loss: 0.5555:  63%|████████████████▉          | 118/188 [04:07<01:44,  1.49s/it]
Loss: 0.4530:  63%|████████████████▉          | 118/188 [04:09<01:44,  1.49s/it]
Loss: 0.4530:  63%|█████████████████          | 119/188 [04:09<01:42,  1.49s/it]
Loss: 0.3525:  63%|█████████████████          | 119/188 [04:10<01:42,  1.49s/it]
Loss: 0.3525:  64%|█████████████████▏         | 120/188 [04:10<01:41,  1.49s/it]
Loss: 0.5252:  64%|█████████████████▏         | 120/188 [04:12<01:41,  1.49s/it]
Loss: 0.5252:  64%|█████████████████▍         | 121/188 [04:12<01:39,  1.49s/it]
Loss: 0.3487:  64%|█████████████████▍         | 121/188 [04:13<01:39,  1.49s/it]
Loss: 0.3487:  65%|█████████████████▌         | 122/188 [04:13<01:37,  1.48s/it]
Loss: 0.3726:  65%|█████████████████▌         | 122/188 [04:15<01:37,  1.48s/it]
Loss: 0.3726:  65%|█████████████████▋         | 123/188 [04:15<01:36,  1.49s/it]
Loss: 0.6363:  65%|█████████████████▋         | 123/188 [04:16<01:36,  1.49s/it]
Loss: 0.6363:  66%|█████████████████▊         | 124/188 [04:16<01:34,  1.48s/it]
Loss: 0.5940:  66%|█████████████████▊         | 124/188 [04:18<01:34,  1.48s/it]
Loss: 0.5940:  66%|█████████████████▉         | 125/188 [04:18<01:33,  1.48s/it]
Loss: 0.6262:  66%|█████████████████▉         | 125/188 [04:19<01:33,  1.48s/it]
Loss: 0.6262:  67%|██████████████████         | 126/188 [04:19<01:31,  1.48s/it]
Loss: 0.4085:  67%|██████████████████         | 126/188 [04:21<01:31,  1.48s/it]
Loss: 0.4085:  68%|██████████████████▏        | 127/188 [04:21<01:30,  1.48s/it]
Loss: 0.4021:  68%|██████████████████▏        | 127/188 [04:22<01:30,  1.48s/it]
Loss: 0.4021:  68%|██████████████████▍        | 128/188 [04:22<01:28,  1.48s/it]
Loss: 0.5359:  68%|██████████████████▍        | 128/188 [04:23<01:28,  1.48s/it]
Loss: 0.5359:  69%|██████████████████▌        | 129/188 [04:23<01:27,  1.48s/it]
Loss: 0.5702:  69%|██████████████████▌        | 129/188 [04:25<01:27,  1.48s/it]
Loss: 0.5702:  69%|██████████████████▋        | 130/188 [04:25<01:25,  1.48s/it]
Loss: 0.4392:  69%|██████████████████▋        | 130/188 [04:26<01:25,  1.48s/it]
Loss: 0.4392:  70%|██████████████████▊        | 131/188 [04:26<01:24,  1.48s/it]
Loss: 0.4166:  70%|██████████████████▊        | 131/188 [04:28<01:24,  1.48s/it]
Loss: 0.4166:  70%|██████████████████▉        | 132/188 [04:28<01:22,  1.48s/it]
Loss: 0.6144:  70%|██████████████████▉        | 132/188 [04:29<01:22,  1.48s/it]
Loss: 0.6144:  71%|███████████████████        | 133/188 [04:29<01:21,  1.48s/it]
Loss: 0.4450:  71%|███████████████████        | 133/188 [04:31<01:21,  1.48s/it]
Loss: 0.4450:  71%|███████████████████▏       | 134/188 [04:31<01:19,  1.48s/it]
Loss: 0.5414:  71%|███████████████████▏       | 134/188 [04:32<01:19,  1.48s/it]
Loss: 0.5414:  72%|███████████████████▍       | 135/188 [04:32<01:18,  1.48s/it]
Loss: 0.5608:  72%|███████████████████▍       | 135/188 [04:34<01:18,  1.48s/it]
Loss: 0.5608:  72%|███████████████████▌       | 136/188 [04:34<01:16,  1.48s/it]
Loss: 0.5679:  72%|███████████████████▌       | 136/188 [04:35<01:16,  1.48s/it]
Loss: 0.5679:  73%|███████████████████▋       | 137/188 [04:35<01:15,  1.48s/it]
Loss: 0.4180:  73%|███████████████████▋       | 137/188 [04:37<01:15,  1.48s/it]
Loss: 0.4180:  73%|███████████████████▊       | 138/188 [04:37<01:14,  1.48s/it]
Loss: 0.2994:  73%|███████████████████▊       | 138/188 [04:38<01:14,  1.48s/it]
Loss: 0.2994:  74%|███████████████████▉       | 139/188 [04:38<01:12,  1.48s/it]
Loss: 0.4821:  74%|███████████████████▉       | 139/188 [04:40<01:12,  1.48s/it]
Loss: 0.4821:  74%|████████████████████       | 140/188 [04:40<01:10,  1.48s/it]
Loss: 0.5022:  74%|████████████████████       | 140/188 [04:41<01:10,  1.48s/it]
Loss: 0.5022:  75%|████████████████████▎      | 141/188 [04:41<01:09,  1.49s/it]
Loss: 0.3921:  75%|████████████████████▎      | 141/188 [04:43<01:09,  1.49s/it]
Loss: 0.3921:  76%|████████████████████▍      | 142/188 [04:43<01:08,  1.48s/it]
Loss: 0.4303:  76%|████████████████████▍      | 142/188 [04:44<01:08,  1.48s/it]
Loss: 0.4303:  76%|████████████████████▌      | 143/188 [04:44<01:06,  1.48s/it]
Loss: 0.5809:  76%|████████████████████▌      | 143/188 [04:46<01:06,  1.48s/it]
Loss: 0.5809:  77%|████████████████████▋      | 144/188 [04:46<01:05,  1.48s/it]
Loss: 0.3710:  77%|████████████████████▋      | 144/188 [04:47<01:05,  1.48s/it]
Loss: 0.3710:  77%|████████████████████▊      | 145/188 [04:47<01:03,  1.48s/it]
Loss: 0.4570:  77%|████████████████████▊      | 145/188 [04:49<01:03,  1.48s/it]
Loss: 0.4570:  78%|████████████████████▉      | 146/188 [04:49<01:02,  1.48s/it]
Loss: 0.5266:  78%|████████████████████▉      | 146/188 [04:50<01:02,  1.48s/it]
Loss: 0.5266:  78%|█████████████████████      | 147/188 [04:50<01:00,  1.48s/it]
Loss: 0.4199:  78%|█████████████████████      | 147/188 [04:52<01:00,  1.48s/it]
Loss: 0.4199:  79%|█████████████████████▎     | 148/188 [04:52<00:59,  1.48s/it]
Loss: 0.6290:  79%|█████████████████████▎     | 148/188 [04:53<00:59,  1.48s/it]
Loss: 0.6290:  79%|█████████████████████▍     | 149/188 [04:53<00:57,  1.48s/it]
Loss: 0.4710:  79%|█████████████████████▍     | 149/188 [04:55<00:57,  1.48s/it]
Loss: 0.4710:  80%|█████████████████████▌     | 150/188 [04:55<00:56,  1.48s/it]
Loss: 0.3941:  80%|█████████████████████▌     | 150/188 [04:56<00:56,  1.48s/it]
Loss: 0.3941:  80%|█████████████████████▋     | 151/188 [04:56<00:54,  1.49s/it]
Loss: 0.5019:  80%|█████████████████████▋     | 151/188 [04:58<00:54,  1.49s/it]
Loss: 0.5019:  81%|█████████████████████▊     | 152/188 [04:58<00:53,  1.49s/it]
Loss: 0.5586:  81%|█████████████████████▊     | 152/188 [04:59<00:53,  1.49s/it]
Loss: 0.5586:  81%|█████████████████████▉     | 153/188 [04:59<00:52,  1.49s/it]
Loss: 0.4680:  81%|█████████████████████▉     | 153/188 [05:01<00:52,  1.49s/it]
Loss: 0.4680:  82%|██████████████████████     | 154/188 [05:01<00:50,  1.48s/it]
Loss: 0.5231:  82%|██████████████████████     | 154/188 [05:02<00:50,  1.48s/it]
Loss: 0.5231:  82%|██████████████████████▎    | 155/188 [05:02<00:49,  1.49s/it]
Loss: 0.4775:  82%|██████████████████████▎    | 155/188 [05:03<00:49,  1.49s/it]
Loss: 0.4775:  83%|██████████████████████▍    | 156/188 [05:03<00:47,  1.48s/it]
Loss: 0.4413:  83%|██████████████████████▍    | 156/188 [05:05<00:47,  1.48s/it]
Loss: 0.4413:  84%|██████████████████████▌    | 157/188 [05:05<00:45,  1.48s/it]
Loss: 0.5270:  84%|██████████████████████▌    | 157/188 [05:06<00:45,  1.48s/it]
Loss: 0.5270:  84%|██████████████████████▋    | 158/188 [05:06<00:44,  1.48s/it]
Loss: 0.4864:  84%|██████████████████████▋    | 158/188 [05:08<00:44,  1.48s/it]
Loss: 0.4864:  85%|██████████████████████▊    | 159/188 [05:08<00:42,  1.48s/it]
Loss: 0.5891:  85%|██████████████████████▊    | 159/188 [05:09<00:42,  1.48s/it]
Loss: 0.5891:  85%|██████████████████████▉    | 160/188 [05:09<00:41,  1.48s/it]
Loss: 0.3660:  85%|██████████████████████▉    | 160/188 [05:11<00:41,  1.48s/it]
Loss: 0.3660:  86%|███████████████████████    | 161/188 [05:11<00:39,  1.48s/it]
Loss: 0.5467:  86%|███████████████████████    | 161/188 [05:12<00:39,  1.48s/it]
Loss: 0.5467:  86%|███████████████████████▎   | 162/188 [05:12<00:38,  1.48s/it]
Loss: 0.4424:  86%|███████████████████████▎   | 162/188 [05:14<00:38,  1.48s/it]
Loss: 0.4424:  87%|███████████████████████▍   | 163/188 [05:14<00:37,  1.48s/it]
Loss: 0.3632:  87%|███████████████████████▍   | 163/188 [05:15<00:37,  1.48s/it]
Loss: 0.3632:  87%|███████████████████████▌   | 164/188 [05:15<00:35,  1.48s/it]
Loss: 0.4277:  87%|███████████████████████▌   | 164/188 [05:17<00:35,  1.48s/it]
Loss: 0.4277:  88%|███████████████████████▋   | 165/188 [05:17<00:34,  1.48s/it]
Loss: 0.3159:  88%|███████████████████████▋   | 165/188 [05:18<00:34,  1.48s/it]
Loss: 0.3159:  88%|███████████████████████▊   | 166/188 [05:18<00:32,  1.48s/it]
Loss: 0.5700:  88%|███████████████████████▊   | 166/188 [05:20<00:32,  1.48s/it]
Loss: 0.5700:  89%|███████████████████████▉   | 167/188 [05:20<00:31,  1.48s/it]
Loss: 0.4461:  89%|███████████████████████▉   | 167/188 [05:21<00:31,  1.48s/it]
Loss: 0.4461:  89%|████████████████████████▏  | 168/188 [05:21<00:29,  1.48s/it]
Loss: 0.4322:  89%|████████████████████████▏  | 168/188 [05:23<00:29,  1.48s/it]
Loss: 0.4322:  90%|████████████████████████▎  | 169/188 [05:23<00:28,  1.48s/it]
Loss: 0.5967:  90%|████████████████████████▎  | 169/188 [05:24<00:28,  1.48s/it]
Loss: 0.5967:  90%|████████████████████████▍  | 170/188 [05:24<00:26,  1.48s/it]
Loss: 0.4547:  90%|████████████████████████▍  | 170/188 [05:26<00:26,  1.48s/it]
Loss: 0.4547:  91%|████████████████████████▌  | 171/188 [05:26<00:25,  1.48s/it]
Loss: 0.4073:  91%|████████████████████████▌  | 171/188 [05:27<00:25,  1.48s/it]
Loss: 0.4073:  91%|████████████████████████▋  | 172/188 [05:27<00:23,  1.48s/it]
Loss: 0.3559:  91%|████████████████████████▋  | 172/188 [05:29<00:23,  1.48s/it]
Loss: 0.3559:  92%|████████████████████████▊  | 173/188 [05:29<00:22,  1.48s/it]
Loss: 0.4070:  92%|████████████████████████▊  | 173/188 [05:30<00:22,  1.48s/it]
Loss: 0.4070:  93%|████████████████████████▉  | 174/188 [05:30<00:20,  1.48s/it]
Loss: 0.3943:  93%|████████████████████████▉  | 174/188 [05:32<00:20,  1.48s/it]
Loss: 0.3943:  93%|█████████████████████████▏ | 175/188 [05:32<00:19,  1.48s/it]
Loss: 0.3763:  93%|█████████████████████████▏ | 175/188 [05:33<00:19,  1.48s/it]
Loss: 0.3763:  94%|█████████████████████████▎ | 176/188 [05:33<00:17,  1.48s/it]
Loss: 0.3389:  94%|█████████████████████████▎ | 176/188 [05:35<00:17,  1.48s/it]
Loss: 0.3389:  94%|█████████████████████████▍ | 177/188 [05:35<00:16,  1.48s/it]
Loss: 0.5880:  94%|█████████████████████████▍ | 177/188 [05:36<00:16,  1.48s/it]
Loss: 0.5880:  95%|█████████████████████████▌ | 178/188 [05:36<00:14,  1.48s/it]
Loss: 0.3814:  95%|█████████████████████████▌ | 178/188 [05:38<00:14,  1.48s/it]
Loss: 0.3814:  95%|█████████████████████████▋ | 179/188 [05:38<00:13,  1.48s/it]
Loss: 0.5117:  95%|█████████████████████████▋ | 179/188 [05:39<00:13,  1.48s/it]
Loss: 0.5117:  96%|█████████████████████████▊ | 180/188 [05:39<00:11,  1.48s/it]
Loss: 0.4285:  96%|█████████████████████████▊ | 180/188 [05:41<00:11,  1.48s/it]
Loss: 0.4285:  96%|█████████████████████████▉ | 181/188 [05:41<00:10,  1.48s/it]
Loss: 0.4307:  96%|█████████████████████████▉ | 181/188 [05:42<00:10,  1.48s/it]
Loss: 0.4307:  97%|██████████████████████████▏| 182/188 [05:42<00:08,  1.48s/it]
Loss: 0.3810:  97%|██████████████████████████▏| 182/188 [05:43<00:08,  1.48s/it]
Loss: 0.3810:  97%|██████████████████████████▎| 183/188 [05:43<00:07,  1.48s/it]
Loss: 0.6130:  97%|██████████████████████████▎| 183/188 [05:45<00:07,  1.48s/it]
Loss: 0.6130:  98%|██████████████████████████▍| 184/188 [05:45<00:05,  1.48s/it]
Loss: 0.3056:  98%|██████████████████████████▍| 184/188 [05:46<00:05,  1.48s/it]
Loss: 0.3056:  98%|██████████████████████████▌| 185/188 [05:46<00:04,  1.48s/it]
Loss: 0.5245:  98%|██████████████████████████▌| 185/188 [05:48<00:04,  1.48s/it]
Loss: 0.5245:  99%|██████████████████████████▋| 186/188 [05:48<00:02,  1.48s/it]
Loss: 0.3795:  99%|██████████████████████████▋| 186/188 [05:49<00:02,  1.48s/it]
Loss: 0.3795:  99%|██████████████████████████▊| 187/188 [05:49<00:01,  1.48s/it]
Loss: 0.5241:  99%|██████████████████████████▊| 187/188 [05:50<00:01,  1.48s/it]
Loss: 0.5241: 100%|███████████████████████████| 188/188 [05:50<00:00,  1.29s/it]
Loss: 0.5241: 100%|███████████████████████████| 188/188 [05:52<00:00,  1.88s/it]
Epoch 0 Avg Loss: 0.6081
Saved Joint Model: runs/exp/UBFC-rPPG_SizeW128_SizeH128_ClipLength160_DataTypeDiffNormalized_DataAugNone_LabelTypeDiffNormalized_Crop_faceTrue_BackendHC_Large_boxTrue_Large_size1.5_Dyamic_DetFalse_det_len30_Median_face_boxFalse/./runs/exp/A/A1/_Joint_Epoch0.pth
==== Joint Validation ====

  0%|                                                    | 0/24 [00:00<?, ?it/s]
Val Loss: 0.3627:   0%|                                  | 0/24 [01:14<?, ?it/s]
Val Loss: 0.3627:   4%|█                         | 1/24 [01:14<28:43, 74.92s/it]
Val Loss: 0.3592:   4%|█                         | 1/24 [01:15<28:43, 74.92s/it]
Val Loss: 0.3592:   8%|██▏                       | 2/24 [01:15<11:26, 31.22s/it]
Val Loss: 0.4179:   8%|██▏                       | 2/24 [01:16<11:26, 31.22s/it]
Val Loss: 0.4179:  12%|███▎                      | 3/24 [01:16<06:02, 17.26s/it]
Val Loss: 0.6358:  12%|███▎                      | 3/24 [01:16<06:02, 17.26s/it]
Val Loss: 0.6358:  17%|████▎                     | 4/24 [01:16<03:33, 10.68s/it]
Val Loss: 0.6326:  17%|████▎                     | 4/24 [01:17<03:33, 10.68s/it]
Val Loss: 0.6326:  21%|█████▍                    | 5/24 [01:17<02:13,  7.04s/it]
Val Loss: 0.6983:  21%|█████▍                    | 5/24 [01:17<02:13,  7.04s/it]
Val Loss: 0.6983:  25%|██████▌                   | 6/24 [01:17<01:27,  4.84s/it]
Val Loss: 0.1556:  25%|██████▌                   | 6/24 [01:18<01:27,  4.84s/it]
Val Loss: 0.1556:  29%|███████▌                  | 7/24 [01:18<00:58,  3.45s/it]
Val Loss: 0.2189:  29%|███████▌                  | 7/24 [01:19<00:58,  3.45s/it]
Val Loss: 0.2189:  33%|████████▋                 | 8/24 [01:19<00:40,  2.54s/it]
Val Loss: 0.2649:  33%|████████▋                 | 8/24 [01:19<00:40,  2.54s/it]
Val Loss: 0.2649:  38%|█████████▊                | 9/24 [01:19<00:28,  1.92s/it]
Val Loss: 0.4585:  38%|█████████▊                | 9/24 [01:20<00:28,  1.92s/it]
Val Loss: 0.4585:  42%|██████████▍              | 10/24 [01:20<00:21,  1.51s/it]
Val Loss: 0.4903:  42%|██████████▍              | 10/24 [01:20<00:21,  1.51s/it]
Val Loss: 0.4903:  46%|███████████▍             | 11/24 [01:20<00:15,  1.22s/it]
Val Loss: 0.6175:  46%|███████████▍             | 11/24 [01:21<00:15,  1.22s/it]
Val Loss: 0.6175:  50%|████████████▌            | 12/24 [01:21<00:12,  1.03s/it]
Val Loss: 0.3178:  50%|████████████▌            | 12/24 [01:22<00:12,  1.03s/it]
Val Loss: 0.3178:  54%|█████████████▌           | 13/24 [01:22<00:09,  1.12it/s]
Val Loss: 0.3747:  54%|█████████████▌           | 13/24 [01:22<00:09,  1.12it/s]
Val Loss: 0.3747:  58%|██████████████▌          | 14/24 [01:22<00:07,  1.25it/s]
Val Loss: 0.3196:  58%|██████████████▌          | 14/24 [01:23<00:07,  1.25it/s]
Val Loss: 0.3196:  62%|███████████████▋         | 15/24 [01:23<00:06,  1.37it/s]
Val Loss: 0.4374:  62%|███████████████▋         | 15/24 [01:23<00:06,  1.37it/s]
Val Loss: 0.4374:  67%|████████████████▋        | 16/24 [01:23<00:05,  1.46it/s]
Val Loss: 0.5278:  67%|████████████████▋        | 16/24 [01:24<00:05,  1.46it/s]
Val Loss: 0.5278:  71%|█████████████████▋       | 17/24 [01:24<00:04,  1.53it/s]
Val Loss: 0.5681:  71%|█████████████████▋       | 17/24 [01:24<00:04,  1.53it/s]
Val Loss: 0.5681:  75%|██████████████████▊      | 18/24 [01:24<00:03,  1.58it/s]
Val Loss: 0.1971:  75%|██████████████████▊      | 18/24 [01:25<00:03,  1.58it/s]
Val Loss: 0.1971:  79%|███████████████████▊     | 19/24 [01:25<00:03,  1.60it/s]
Val Loss: 0.2303:  79%|███████████████████▊     | 19/24 [01:26<00:03,  1.60it/s]
Val Loss: 0.2303:  83%|████████████████████▊    | 20/24 [01:26<00:02,  1.62it/s]
Val Loss: 0.2656:  83%|████████████████████▊    | 20/24 [01:26<00:02,  1.62it/s]
Val Loss: 0.2656:  88%|█████████████████████▉   | 21/24 [01:26<00:01,  1.64it/s]
Val Loss: 0.3485:  88%|█████████████████████▉   | 21/24 [01:27<00:01,  1.64it/s]
Val Loss: 0.3485:  92%|██████████████████████▉  | 22/24 [01:27<00:01,  1.67it/s]
Val Loss: 0.4242:  92%|██████████████████████▉  | 22/24 [01:27<00:01,  1.67it/s]
Val Loss: 0.4242:  96%|███████████████████████▉ | 23/24 [01:27<00:00,  1.68it/s]
Val Loss: 0.4631:  96%|███████████████████████▉ | 23/24 [01:28<00:00,  1.68it/s]
Val Loss: 0.4631: 100%|█████████████████████████| 24/24 [01:28<00:00,  1.68it/s]
Val Loss: 0.4631: 100%|█████████████████████████| 24/24 [01:30<00:00,  3.76s/it]
Validation Average Loss: 0.4078
Update best model! Best epoch: 0
==== Joint Training Epoch: 1 ====

  0%|                                                   | 0/188 [00:00<?, ?it/s]
Loss: 0.4131:   0%|                                     | 0/188 [01:07<?, ?it/s]
Loss: 0.4131:   1%|▏                          | 1/188 [01:07<3:31:32, 67.88s/it]
Loss: 0.4952:   1%|▏                          | 1/188 [01:09<3:31:32, 67.88s/it]
Loss: 0.4952:   1%|▎                          | 2/188 [01:09<1:29:24, 28.84s/it]
Loss: 0.3923:   1%|▎                          | 2/188 [01:10<1:29:24, 28.84s/it]
Loss: 0.3923:   2%|▍                            | 3/188 [01:10<50:23, 16.35s/it]
Loss: 0.3322:   2%|▍                            | 3/188 [01:12<50:23, 16.35s/it]
Loss: 0.3322:   2%|▌                            | 4/188 [01:12<32:07, 10.48s/it]
Loss: 0.4016:   2%|▌                            | 4/188 [01:13<32:07, 10.48s/it]
Loss: 0.4016:   3%|▊                            | 5/188 [01:13<22:03,  7.23s/it]
Loss: 0.5462:   3%|▊                            | 5/188 [01:15<22:03,  7.23s/it]
Loss: 0.5462:   3%|▉                            | 6/188 [01:15<16:00,  5.28s/it]
Loss: 0.5220:   3%|▉                            | 6/188 [01:16<16:00,  5.28s/it]
Loss: 0.5220:   4%|█                            | 7/188 [01:16<12:10,  4.03s/it]
Loss: 0.4532:   4%|█                            | 7/188 [01:18<12:10,  4.03s/it]
Loss: 0.4532:   4%|█▏                           | 8/188 [01:18<09:39,  3.22s/it]
Loss: 0.4659:   4%|█▏                           | 8/188 [01:19<09:39,  3.22s/it]
Loss: 0.4659:   5%|█▍                           | 9/188 [01:19<07:59,  2.68s/it]
Loss: 0.4928:   5%|█▍                           | 9/188 [01:21<07:59,  2.68s/it]
Loss: 0.4928:   5%|█▍                          | 10/188 [01:21<06:50,  2.31s/it]
Loss: 0.3788:   5%|█▍                          | 10/188 [01:22<06:50,  2.31s/it]
Loss: 0.3788:   6%|█▋                          | 11/188 [01:22<06:03,  2.05s/it]
Loss: 0.4485:   6%|█▋                          | 11/188 [01:24<06:03,  2.05s/it]
Loss: 0.4485:   6%|█▊                          | 12/188 [01:24<05:30,  1.88s/it]
Loss: 0.4192:   6%|█▊                          | 12/188 [01:25<05:30,  1.88s/it]
Loss: 0.4192:   7%|█▉                          | 13/188 [01:25<05:07,  1.76s/it]
Loss: 0.4491:   7%|█▉                          | 13/188 [01:27<05:07,  1.76s/it]
Loss: 0.4491:   7%|██                          | 14/188 [01:27<04:51,  1.67s/it]
Loss: 0.5005:   7%|██                          | 14/188 [01:28<04:51,  1.67s/it]
Loss: 0.5005:   8%|██▏                         | 15/188 [01:28<04:39,  1.61s/it]
Loss: 0.2721:   8%|██▏                         | 15/188 [01:30<04:39,  1.61s/it]
Loss: 0.2721:   9%|██▍                         | 16/188 [01:30<04:30,  1.57s/it]
Loss: 0.2628:   9%|██▍                         | 16/188 [01:31<04:30,  1.57s/it]
Loss: 0.2628:   9%|██▌                         | 17/188 [01:31<04:25,  1.55s/it]
Loss: 0.4477:   9%|██▌                         | 17/188 [01:33<04:25,  1.55s/it]
Loss: 0.4477:  10%|██▋                         | 18/188 [01:33<04:21,  1.54s/it]
Loss: 0.4323:  10%|██▋                         | 18/188 [01:34<04:21,  1.54s/it]
Loss: 0.4323:  10%|██▊                         | 19/188 [01:34<04:18,  1.53s/it]
Loss: 0.3922:  10%|██▊                         | 19/188 [01:36<04:18,  1.53s/it]
Loss: 0.3922:  11%|██▉                         | 20/188 [01:36<04:15,  1.52s/it]
Loss: 0.3686:  11%|██▉                         | 20/188 [01:37<04:15,  1.52s/it]
Loss: 0.3686:  11%|███▏                        | 21/188 [01:37<04:12,  1.51s/it]
Loss: 0.6393:  11%|███▏                        | 21/188 [01:39<04:12,  1.51s/it]
Loss: 0.6393:  12%|███▎                        | 22/188 [01:39<04:09,  1.51s/it]
Loss: 0.2733:  12%|███▎                        | 22/188 [01:40<04:09,  1.51s/it]
Loss: 0.2733:  12%|███▍                        | 23/188 [01:40<04:07,  1.50s/it]
Loss: 0.5678:  12%|███▍                        | 23/188 [01:42<04:07,  1.50s/it]
Loss: 0.5678:  13%|███▌                        | 24/188 [01:42<04:05,  1.50s/it]
Loss: 0.2798:  13%|███▌                        | 24/188 [01:43<04:05,  1.50s/it]
Loss: 0.2798:  13%|███▋                        | 25/188 [01:43<04:03,  1.50s/it]
Loss: 0.4425:  13%|███▋                        | 25/188 [01:45<04:03,  1.50s/it]
Loss: 0.4425:  14%|███▊                        | 26/188 [01:45<04:02,  1.50s/it]
Loss: 0.4737:  14%|███▊                        | 26/188 [01:46<04:02,  1.50s/it]
Loss: 0.4737:  14%|████                        | 27/188 [01:46<04:01,  1.50s/it]
Loss: 0.4391:  14%|████                        | 27/188 [01:48<04:01,  1.50s/it]
Loss: 0.4391:  15%|████▏                       | 28/188 [01:48<04:00,  1.50s/it]
Loss: 0.4789:  15%|████▏                       | 28/188 [01:49<04:00,  1.50s/it]
Loss: 0.4789:  15%|████▎                       | 29/188 [01:49<03:58,  1.50s/it]
Loss: 0.4152:  15%|████▎                       | 29/188 [01:51<03:58,  1.50s/it]
Loss: 0.4152:  16%|████▍                       | 30/188 [01:51<03:56,  1.50s/it]
Loss: 0.4050:  16%|████▍                       | 30/188 [01:52<03:56,  1.50s/it]
Loss: 0.4050:  16%|████▌                       | 31/188 [01:52<03:55,  1.50s/it]
Loss: 0.4298:  16%|████▌                       | 31/188 [01:54<03:55,  1.50s/it]
Loss: 0.4298:  17%|████▊                       | 32/188 [01:54<03:54,  1.50s/it]
Loss: 0.5094:  17%|████▊                       | 32/188 [01:55<03:54,  1.50s/it]
Loss: 0.5094:  18%|████▉                       | 33/188 [01:55<03:52,  1.50s/it]
Loss: 0.3387:  18%|████▉                       | 33/188 [01:57<03:52,  1.50s/it]
Loss: 0.3387:  18%|█████                       | 34/188 [01:57<03:50,  1.49s/it]
Loss: 0.4249:  18%|█████                       | 34/188 [01:58<03:50,  1.49s/it]
Loss: 0.4249:  19%|█████▏                      | 35/188 [01:58<03:48,  1.49s/it]
Loss: 0.5313:  19%|█████▏                      | 35/188 [02:00<03:48,  1.49s/it]
Loss: 0.5313:  19%|█████▎                      | 36/188 [02:00<03:46,  1.49s/it]
Loss: 0.4022:  19%|█████▎                      | 36/188 [02:01<03:46,  1.49s/it]
Loss: 0.4022:  20%|█████▌                      | 37/188 [02:01<03:44,  1.49s/it]
Loss: 0.3277:  20%|█████▌                      | 37/188 [02:02<03:44,  1.49s/it]
Loss: 0.3277:  20%|█████▋                      | 38/188 [02:02<03:43,  1.49s/it]
Loss: 0.3932:  20%|█████▋                      | 38/188 [02:04<03:43,  1.49s/it]
Loss: 0.3932:  21%|█████▊                      | 39/188 [02:04<03:41,  1.49s/it]
Loss: 0.4371:  21%|█████▊                      | 39/188 [02:05<03:41,  1.49s/it]
Loss: 0.4371:  21%|█████▉                      | 40/188 [02:05<03:40,  1.49s/it]
Loss: 0.3124:  21%|█████▉                      | 40/188 [02:07<03:40,  1.49s/it]
Loss: 0.3124:  22%|██████                      | 41/188 [02:07<03:38,  1.49s/it]
Loss: 0.4271:  22%|██████                      | 41/188 [02:08<03:38,  1.49s/it]
Loss: 0.4271:  22%|██████▎                     | 42/188 [02:08<03:37,  1.49s/it]
Loss: 0.3527:  22%|██████▎                     | 42/188 [02:10<03:37,  1.49s/it]
Loss: 0.3527:  23%|██████▍                     | 43/188 [02:10<03:35,  1.49s/it]
Loss: 0.4425:  23%|██████▍                     | 43/188 [02:11<03:35,  1.49s/it]
Loss: 0.4425:  23%|██████▌                     | 44/188 [02:11<03:34,  1.49s/it]
Loss: 0.6518:  23%|██████▌                     | 44/188 [02:13<03:34,  1.49s/it]
Loss: 0.6518:  24%|██████▋                     | 45/188 [02:13<03:32,  1.49s/it]
Loss: 0.4452:  24%|██████▋                     | 45/188 [02:14<03:32,  1.49s/it]
Loss: 0.4452:  24%|██████▊                     | 46/188 [02:14<03:31,  1.49s/it]
Loss: 0.5394:  24%|██████▊                     | 46/188 [02:16<03:31,  1.49s/it]
Loss: 0.5394:  25%|███████                     | 47/188 [02:16<03:30,  1.49s/it]
Loss: 0.3809:  25%|███████                     | 47/188 [02:17<03:30,  1.49s/it]
Loss: 0.3809:  26%|███████▏                    | 48/188 [02:17<03:28,  1.49s/it]
Loss: 0.4684:  26%|███████▏                    | 48/188 [02:19<03:28,  1.49s/it]
Loss: 0.4684:  26%|███████▎                    | 49/188 [02:19<03:27,  1.49s/it]
Loss: 0.3990:  26%|███████▎                    | 49/188 [02:20<03:27,  1.49s/it]
Loss: 0.3990:  27%|███████▍                    | 50/188 [02:20<03:26,  1.50s/it]
Loss: 0.4644:  27%|███████▍                    | 50/188 [02:22<03:26,  1.50s/it]
Loss: 0.4644:  27%|███████▌                    | 51/188 [02:22<03:25,  1.50s/it]
Loss: 0.4760:  27%|███████▌                    | 51/188 [02:23<03:25,  1.50s/it]
Loss: 0.4760:  28%|███████▋                    | 52/188 [02:23<03:24,  1.51s/it]
Loss: 0.4738:  28%|███████▋                    | 52/188 [02:25<03:24,  1.51s/it]
Loss: 0.4738:  28%|███████▉                    | 53/188 [02:25<03:23,  1.51s/it]
Loss: 0.4524:  28%|███████▉                    | 53/188 [02:26<03:23,  1.51s/it]
Loss: 0.4524:  29%|████████                    | 54/188 [02:26<03:21,  1.50s/it]
Loss: 0.4502:  29%|████████                    | 54/188 [02:28<03:21,  1.50s/it]
Loss: 0.4502:  29%|████████▏                   | 55/188 [02:28<03:19,  1.50s/it]
Loss: 0.3540:  29%|████████▏                   | 55/188 [02:29<03:19,  1.50s/it]
Loss: 0.3540:  30%|████████▎                   | 56/188 [02:29<03:18,  1.50s/it]
Loss: 0.3556:  30%|████████▎                   | 56/188 [02:31<03:18,  1.50s/it]
Loss: 0.3556:  30%|████████▍                   | 57/188 [02:31<03:16,  1.50s/it]
Loss: 0.4985:  30%|████████▍                   | 57/188 [02:32<03:16,  1.50s/it]
Loss: 0.4985:  31%|████████▋                   | 58/188 [02:32<03:15,  1.50s/it]
Loss: 0.3706:  31%|████████▋                   | 58/188 [02:34<03:15,  1.50s/it]
Loss: 0.3706:  31%|████████▊                   | 59/188 [02:34<03:14,  1.50s/it]
Loss: 0.3382:  31%|████████▊                   | 59/188 [02:35<03:14,  1.50s/it]
Loss: 0.3382:  32%|████████▉                   | 60/188 [02:35<03:13,  1.51s/it]
Loss: 0.4970:  32%|████████▉                   | 60/188 [02:37<03:13,  1.51s/it]
Loss: 0.4970:  32%|█████████                   | 61/188 [02:37<03:11,  1.51s/it]
Loss: 0.3361:  32%|█████████                   | 61/188 [02:38<03:11,  1.51s/it]
Loss: 0.3361:  33%|█████████▏                  | 62/188 [02:38<03:10,  1.51s/it]
Loss: 0.3611:  33%|█████████▏                  | 62/188 [02:40<03:10,  1.51s/it]
Loss: 0.3611:  34%|█████████▍                  | 63/188 [02:40<03:08,  1.51s/it]
Loss: 0.2409:  34%|█████████▍                  | 63/188 [02:41<03:08,  1.51s/it]
Loss: 0.2409:  34%|█████████▌                  | 64/188 [02:41<03:07,  1.51s/it]
Loss: 0.5018:  34%|█████████▌                  | 64/188 [02:43<03:07,  1.51s/it]
Loss: 0.5018:  35%|█████████▋                  | 65/188 [02:43<03:05,  1.51s/it]
Loss: 0.5631:  35%|█████████▋                  | 65/188 [02:45<03:05,  1.51s/it]
Loss: 0.5631:  35%|█████████▊                  | 66/188 [02:45<03:04,  1.51s/it]
Loss: 0.3526:  35%|█████████▊                  | 66/188 [02:46<03:04,  1.51s/it]
Loss: 0.3526:  36%|█████████▉                  | 67/188 [02:46<03:01,  1.50s/it]
Loss: 0.2742:  36%|█████████▉                  | 67/188 [02:47<03:01,  1.50s/it]
Loss: 0.2742:  36%|██████████▏                 | 68/188 [02:47<02:59,  1.50s/it]
Loss: 0.4449:  36%|██████████▏                 | 68/188 [02:49<02:59,  1.50s/it]
Loss: 0.4449:  37%|██████████▎                 | 69/188 [02:49<02:58,  1.50s/it]
Loss: 0.4430:  37%|██████████▎                 | 69/188 [02:50<02:58,  1.50s/it]
Loss: 0.4430:  37%|██████████▍                 | 70/188 [02:50<02:56,  1.50s/it]
Loss: 0.3897:  37%|██████████▍                 | 70/188 [02:52<02:56,  1.50s/it]
Loss: 0.3897:  38%|██████████▌                 | 71/188 [02:52<02:54,  1.49s/it]
Loss: 0.3172:  38%|██████████▌                 | 71/188 [02:53<02:54,  1.49s/it]
Loss: 0.3172:  38%|██████████▋                 | 72/188 [02:53<02:53,  1.49s/it]
Loss: 0.4889:  38%|██████████▋                 | 72/188 [02:55<02:53,  1.49s/it]
Loss: 0.4889:  39%|██████████▊                 | 73/188 [02:55<02:51,  1.49s/it]
Loss: 0.2625:  39%|██████████▊                 | 73/188 [02:56<02:51,  1.49s/it]
Loss: 0.2625:  39%|███████████                 | 74/188 [02:56<02:49,  1.49s/it]
Loss: 0.4469:  39%|███████████                 | 74/188 [02:58<02:49,  1.49s/it]
Loss: 0.4469:  40%|███████████▏                | 75/188 [02:58<02:48,  1.49s/it]
Loss: 0.3058:  40%|███████████▏                | 75/188 [02:59<02:48,  1.49s/it]
Loss: 0.3058:  40%|███████████▎                | 76/188 [02:59<02:46,  1.49s/it]
Loss: 0.3391:  40%|███████████▎                | 76/188 [03:01<02:46,  1.49s/it]
Loss: 0.3391:  41%|███████████▍                | 77/188 [03:01<02:45,  1.49s/it]
Loss: 0.3819:  41%|███████████▍                | 77/188 [03:02<02:45,  1.49s/it]
Loss: 0.3819:  41%|███████████▌                | 78/188 [03:02<02:43,  1.49s/it]
Loss: 0.3093:  41%|███████████▌                | 78/188 [03:04<02:43,  1.49s/it]
Loss: 0.3093:  42%|███████████▊                | 79/188 [03:04<02:42,  1.49s/it]
Loss: 0.3601:  42%|███████████▊                | 79/188 [03:05<02:42,  1.49s/it]
Loss: 0.3601:  43%|███████████▉                | 80/188 [03:05<02:41,  1.49s/it]
Loss: 0.5300:  43%|███████████▉                | 80/188 [03:07<02:41,  1.49s/it]
Loss: 0.5300:  43%|████████████                | 81/188 [03:07<02:39,  1.49s/it]
Loss: 0.3347:  43%|████████████                | 81/188 [03:08<02:39,  1.49s/it]
Loss: 0.3347:  44%|████████████▏               | 82/188 [03:08<02:38,  1.49s/it]
Loss: 0.2654:  44%|████████████▏               | 82/188 [03:10<02:38,  1.49s/it]
Loss: 0.2654:  44%|████████████▎               | 83/188 [03:10<02:37,  1.50s/it]
Loss: 0.2518:  44%|████████████▎               | 83/188 [03:11<02:37,  1.50s/it]
Loss: 0.2518:  45%|████████████▌               | 84/188 [03:11<02:36,  1.50s/it]
Loss: 0.2802:  45%|████████████▌               | 84/188 [03:13<02:36,  1.50s/it]
Loss: 0.2802:  45%|████████████▋               | 85/188 [03:13<02:34,  1.50s/it]
Loss: 0.3135:  45%|████████████▋               | 85/188 [03:14<02:34,  1.50s/it]
Loss: 0.3135:  46%|████████████▊               | 86/188 [03:14<02:33,  1.51s/it]
Loss: 0.3011:  46%|████████████▊               | 86/188 [03:16<02:33,  1.51s/it]
Loss: 0.3011:  46%|████████████▉               | 87/188 [03:16<02:32,  1.51s/it]
Loss: 0.4570:  46%|████████████▉               | 87/188 [03:17<02:32,  1.51s/it]
Loss: 0.4570:  47%|█████████████               | 88/188 [03:17<02:30,  1.51s/it]
Loss: 0.3116:  47%|█████████████               | 88/188 [03:19<02:30,  1.51s/it]
Loss: 0.3116:  47%|█████████████▎              | 89/188 [03:19<02:29,  1.51s/it]
Loss: 0.2325:  47%|█████████████▎              | 89/188 [03:20<02:29,  1.51s/it]
Loss: 0.2325:  48%|█████████████▍              | 90/188 [03:20<02:28,  1.51s/it]
Loss: 0.4505:  48%|█████████████▍              | 90/188 [03:22<02:28,  1.51s/it]
Loss: 0.4505:  48%|█████████████▌              | 91/188 [03:22<02:27,  1.52s/it]
Loss: 0.3850:  48%|█████████████▌              | 91/188 [03:24<02:27,  1.52s/it]
Loss: 0.3850:  49%|█████████████▋              | 92/188 [03:24<02:25,  1.52s/it]
Loss: 0.4718:  49%|█████████████▋              | 92/188 [03:25<02:25,  1.52s/it]
Loss: 0.4718:  49%|█████████████▊              | 93/188 [03:25<02:24,  1.52s/it]
Loss: 0.5033:  49%|█████████████▊              | 93/188 [03:27<02:24,  1.52s/it]
Loss: 0.5033:  50%|██████████████              | 94/188 [03:27<02:22,  1.52s/it]
Loss: 0.4087:  50%|██████████████              | 94/188 [03:28<02:22,  1.52s/it]
Loss: 0.4087:  51%|██████████████▏             | 95/188 [03:28<02:21,  1.52s/it]
Loss: 0.3012:  51%|██████████████▏             | 95/188 [03:30<02:21,  1.52s/it]
Loss: 0.3012:  51%|██████████████▎             | 96/188 [03:30<02:19,  1.51s/it]
Loss: 0.4553:  51%|██████████████▎             | 96/188 [03:31<02:19,  1.51s/it]
Loss: 0.4553:  52%|██████████████▍             | 97/188 [03:31<02:17,  1.51s/it]
Loss: 0.3762:  52%|██████████████▍             | 97/188 [03:33<02:17,  1.51s/it]
Loss: 0.3762:  52%|██████████████▌             | 98/188 [03:33<02:16,  1.51s/it]
Loss: 0.4796:  52%|██████████████▌             | 98/188 [03:34<02:16,  1.51s/it]
Loss: 0.4796:  53%|██████████████▋             | 99/188 [03:34<02:14,  1.51s/it]
Loss: 0.5586:  53%|██████████████▋             | 99/188 [03:36<02:14,  1.51s/it]
Loss: 0.5586:  53%|██████████████▎            | 100/188 [03:36<02:12,  1.50s/it]
Loss: 0.4579:  53%|██████████████▎            | 100/188 [03:37<02:12,  1.50s/it]
Loss: 0.4579:  54%|██████████████▌            | 101/188 [03:37<02:10,  1.50s/it]
Loss: 0.5402:  54%|██████████████▌            | 101/188 [03:39<02:10,  1.50s/it]
Loss: 0.5402:  54%|██████████████▋            | 102/188 [03:39<02:08,  1.50s/it]
Loss: 0.2432:  54%|██████████████▋            | 102/188 [03:40<02:08,  1.50s/it]
Loss: 0.2432:  55%|██████████████▊            | 103/188 [03:40<02:07,  1.50s/it]
Loss: 0.2351:  55%|██████████████▊            | 103/188 [03:42<02:07,  1.50s/it]
Loss: 0.2351:  55%|██████████████▉            | 104/188 [03:42<02:05,  1.49s/it]
Loss: 0.3050:  55%|██████████████▉            | 104/188 [03:43<02:05,  1.49s/it]
Loss: 0.3050:  56%|███████████████            | 105/188 [03:43<02:04,  1.49s/it]
Loss: 0.5156:  56%|███████████████            | 105/188 [03:45<02:04,  1.49s/it]
Loss: 0.5156:  56%|███████████████▏           | 106/188 [03:45<02:02,  1.49s/it]
Loss: 0.5483:  56%|███████████████▏           | 106/188 [03:46<02:02,  1.49s/it]
Loss: 0.5483:  57%|███████████████▎           | 107/188 [03:46<02:00,  1.49s/it]
Loss: 0.3803:  57%|███████████████▎           | 107/188 [03:48<02:00,  1.49s/it]
Loss: 0.3803:  57%|███████████████▌           | 108/188 [03:48<01:59,  1.49s/it]
Loss: 0.3862:  57%|███████████████▌           | 108/188 [03:49<01:59,  1.49s/it]
Loss: 0.3862:  58%|███████████████▋           | 109/188 [03:49<01:57,  1.49s/it]
Loss: 0.4142:  58%|███████████████▋           | 109/188 [03:50<01:57,  1.49s/it]
Loss: 0.4142:  59%|███████████████▊           | 110/188 [03:50<01:56,  1.49s/it]
Loss: 0.3801:  59%|███████████████▊           | 110/188 [03:52<01:56,  1.49s/it]
Loss: 0.3801:  59%|███████████████▉           | 111/188 [03:52<01:54,  1.49s/it]
Loss: 0.3391:  59%|███████████████▉           | 111/188 [03:53<01:54,  1.49s/it]
Loss: 0.3391:  60%|████████████████           | 112/188 [03:53<01:53,  1.49s/it]
Loss: 0.4656:  60%|████████████████           | 112/188 [03:55<01:53,  1.49s/it]
Loss: 0.4656:  60%|████████████████▏          | 113/188 [03:55<01:52,  1.49s/it]
Loss: 0.3077:  60%|████████████████▏          | 113/188 [03:56<01:52,  1.49s/it]
Loss: 0.3077:  61%|████████████████▎          | 114/188 [03:56<01:50,  1.50s/it]
Loss: 0.3377:  61%|████████████████▎          | 114/188 [03:58<01:50,  1.50s/it]
Loss: 0.3377:  61%|████████████████▌          | 115/188 [03:58<01:49,  1.50s/it]
Loss: 0.4889:  61%|████████████████▌          | 115/188 [03:59<01:49,  1.50s/it]
Loss: 0.4889:  62%|████████████████▋          | 116/188 [03:59<01:47,  1.50s/it]
Loss: 0.4104:  62%|████████████████▋          | 116/188 [04:01<01:47,  1.50s/it]
Loss: 0.4104:  62%|████████████████▊          | 117/188 [04:01<01:46,  1.50s/it]
Loss: 0.4187:  62%|████████████████▊          | 117/188 [04:03<01:46,  1.50s/it]
Loss: 0.4187:  63%|████████████████▉          | 118/188 [04:03<01:45,  1.51s/it]
Loss: 0.4709:  63%|████████████████▉          | 118/188 [04:04<01:45,  1.51s/it]
Loss: 0.4709:  63%|█████████████████          | 119/188 [04:04<01:43,  1.50s/it]
Loss: 0.4750:  63%|█████████████████          | 119/188 [04:05<01:43,  1.50s/it]
Loss: 0.4750:  64%|█████████████████▏         | 120/188 [04:05<01:41,  1.50s/it]
Loss: 0.3522:  64%|█████████████████▏         | 120/188 [04:07<01:41,  1.50s/it]
Loss: 0.3522:  64%|█████████████████▍         | 121/188 [04:07<01:40,  1.50s/it]
Loss: 0.4264:  64%|█████████████████▍         | 121/188 [04:08<01:40,  1.50s/it]
Loss: 0.4264:  65%|█████████████████▌         | 122/188 [04:08<01:38,  1.49s/it]
Loss: 0.3076:  65%|█████████████████▌         | 122/188 [04:10<01:38,  1.49s/it]
Loss: 0.3076:  65%|█████████████████▋         | 123/188 [04:10<01:37,  1.49s/it]
Loss: 0.3675:  65%|█████████████████▋         | 123/188 [04:11<01:37,  1.49s/it]
Loss: 0.3675:  66%|█████████████████▊         | 124/188 [04:11<01:35,  1.49s/it]
Loss: 0.3799:  66%|█████████████████▊         | 124/188 [04:13<01:35,  1.49s/it]
Loss: 0.3799:  66%|█████████████████▉         | 125/188 [04:13<01:34,  1.50s/it]
Loss: 0.4247:  66%|█████████████████▉         | 125/188 [04:14<01:34,  1.50s/it]
Loss: 0.4247:  67%|██████████████████         | 126/188 [04:14<01:32,  1.50s/it]
Loss: 0.4232:  67%|██████████████████         | 126/188 [04:16<01:32,  1.50s/it]
Loss: 0.4232:  68%|██████████████████▏        | 127/188 [04:16<01:31,  1.50s/it]
Loss: 0.2200:  68%|██████████████████▏        | 127/188 [04:17<01:31,  1.50s/it]
Loss: 0.2200:  68%|██████████████████▍        | 128/188 [04:17<01:30,  1.51s/it]
Loss: 0.4961:  68%|██████████████████▍        | 128/188 [04:19<01:30,  1.51s/it]
Loss: 0.4961:  69%|██████████████████▌        | 129/188 [04:19<01:29,  1.51s/it]
Loss: 0.3287:  69%|██████████████████▌        | 129/188 [04:21<01:29,  1.51s/it]
Loss: 0.3287:  69%|██████████████████▋        | 130/188 [04:21<01:27,  1.51s/it]
Loss: 0.3770:  69%|██████████████████▋        | 130/188 [04:22<01:27,  1.51s/it]
Loss: 0.3770:  70%|██████████████████▊        | 131/188 [04:22<01:26,  1.51s/it]
Loss: 0.3107:  70%|██████████████████▊        | 131/188 [04:24<01:26,  1.51s/it]
Loss: 0.3107:  70%|██████████████████▉        | 132/188 [04:24<01:24,  1.51s/it]
Loss: 0.4382:  70%|██████████████████▉        | 132/188 [04:25<01:24,  1.51s/it]
Loss: 0.4382:  71%|███████████████████        | 133/188 [04:25<01:22,  1.50s/it]
Loss: 0.2882:  71%|███████████████████        | 133/188 [04:27<01:22,  1.50s/it]
Loss: 0.2882:  71%|███████████████████▏       | 134/188 [04:27<01:20,  1.50s/it]
Loss: 0.3338:  71%|███████████████████▏       | 134/188 [04:28<01:20,  1.50s/it]
Loss: 0.3338:  72%|███████████████████▍       | 135/188 [04:28<01:19,  1.50s/it]
Loss: 0.4803:  72%|███████████████████▍       | 135/188 [04:30<01:19,  1.50s/it]
Loss: 0.4803:  72%|███████████████████▌       | 136/188 [04:30<01:17,  1.50s/it]
Loss: 0.4402:  72%|███████████████████▌       | 136/188 [04:31<01:17,  1.50s/it]
Loss: 0.4402:  73%|███████████████████▋       | 137/188 [04:31<01:16,  1.49s/it]
Loss: 0.2887:  73%|███████████████████▋       | 137/188 [04:32<01:16,  1.49s/it]
Loss: 0.2887:  73%|███████████████████▊       | 138/188 [04:32<01:14,  1.50s/it]
Loss: 0.4815:  73%|███████████████████▊       | 138/188 [04:34<01:14,  1.50s/it]
Loss: 0.4815:  74%|███████████████████▉       | 139/188 [04:34<01:13,  1.50s/it]
Loss: 0.4274:  74%|███████████████████▉       | 139/188 [04:35<01:13,  1.50s/it]
Loss: 0.4274:  74%|████████████████████       | 140/188 [04:35<01:11,  1.49s/it]
Loss: 0.3522:  74%|████████████████████       | 140/188 [04:37<01:11,  1.49s/it]
Loss: 0.3522:  75%|████████████████████▎      | 141/188 [04:37<01:10,  1.49s/it]
Loss: 0.3358:  75%|████████████████████▎      | 141/188 [04:38<01:10,  1.49s/it]
Loss: 0.3358:  76%|████████████████████▍      | 142/188 [04:38<01:08,  1.49s/it]
Loss: 0.2903:  76%|████████████████████▍      | 142/188 [04:40<01:08,  1.49s/it]
Loss: 0.2903:  76%|████████████████████▌      | 143/188 [04:40<01:07,  1.49s/it]
Loss: 0.3405:  76%|████████████████████▌      | 143/188 [04:41<01:07,  1.49s/it]
Loss: 0.3405:  77%|████████████████████▋      | 144/188 [04:41<01:05,  1.49s/it]
Loss: 0.3521:  77%|████████████████████▋      | 144/188 [04:43<01:05,  1.49s/it]
Loss: 0.3521:  77%|████████████████████▊      | 145/188 [04:43<01:04,  1.50s/it]
Loss: 0.3428:  77%|████████████████████▊      | 145/188 [04:44<01:04,  1.50s/it]
Loss: 0.3428:  78%|████████████████████▉      | 146/188 [04:44<01:02,  1.50s/it]
Loss: 0.3739:  78%|████████████████████▉      | 146/188 [04:46<01:02,  1.50s/it]
Loss: 0.3739:  78%|█████████████████████      | 147/188 [04:46<01:01,  1.50s/it]
Loss: 0.3944:  78%|█████████████████████      | 147/188 [04:47<01:01,  1.50s/it]
Loss: 0.3944:  79%|█████████████████████▎     | 148/188 [04:47<01:00,  1.50s/it]
Loss: 0.4238:  79%|█████████████████████▎     | 148/188 [04:49<01:00,  1.50s/it]
Loss: 0.4238:  79%|█████████████████████▍     | 149/188 [04:49<00:58,  1.50s/it]
Loss: 0.2477:  79%|█████████████████████▍     | 149/188 [04:51<00:58,  1.50s/it]
Loss: 0.2477:  80%|█████████████████████▌     | 150/188 [04:51<00:57,  1.51s/it]
Loss: 0.3923:  80%|█████████████████████▌     | 150/188 [04:52<00:57,  1.51s/it]
Loss: 0.3923:  80%|█████████████████████▋     | 151/188 [04:52<00:55,  1.51s/it]
Loss: 0.4398:  80%|█████████████████████▋     | 151/188 [04:54<00:55,  1.51s/it]
Loss: 0.4398:  81%|█████████████████████▊     | 152/188 [04:54<00:54,  1.51s/it]
Loss: 0.2248:  81%|█████████████████████▊     | 152/188 [04:55<00:54,  1.51s/it]
Loss: 0.2248:  81%|█████████████████████▉     | 153/188 [04:55<00:52,  1.50s/it]
Loss: 0.2755:  81%|█████████████████████▉     | 153/188 [04:57<00:52,  1.50s/it]
Loss: 0.2755:  82%|██████████████████████     | 154/188 [04:57<00:51,  1.50s/it]
Loss: 0.2960:  82%|██████████████████████     | 154/188 [04:58<00:51,  1.50s/it]
Loss: 0.2960:  82%|██████████████████████▎    | 155/188 [04:58<00:49,  1.50s/it]
Loss: 0.2769:  82%|██████████████████████▎    | 155/188 [05:00<00:49,  1.50s/it]
Loss: 0.2769:  83%|██████████████████████▍    | 156/188 [05:00<00:47,  1.50s/it]
Loss: 0.2764:  83%|██████████████████████▍    | 156/188 [05:01<00:47,  1.50s/it]
Loss: 0.2764:  84%|██████████████████████▌    | 157/188 [05:01<00:46,  1.50s/it]
Loss: 0.2718:  84%|██████████████████████▌    | 157/188 [05:02<00:46,  1.50s/it]
Loss: 0.2718:  84%|██████████████████████▋    | 158/188 [05:02<00:44,  1.50s/it]
Loss: 0.4775:  84%|██████████████████████▋    | 158/188 [05:04<00:44,  1.50s/it]
Loss: 0.4775:  85%|██████████████████████▊    | 159/188 [05:04<00:43,  1.50s/it]
Loss: 0.3658:  85%|██████████████████████▊    | 159/188 [05:06<00:43,  1.50s/it]
Loss: 0.3658:  85%|██████████████████████▉    | 160/188 [05:06<00:42,  1.50s/it]
Loss: 0.3947:  85%|██████████████████████▉    | 160/188 [05:07<00:42,  1.50s/it]
Loss: 0.3947:  86%|███████████████████████    | 161/188 [05:07<00:40,  1.51s/it]
Loss: 0.3245:  86%|███████████████████████    | 161/188 [05:09<00:40,  1.51s/it]
Loss: 0.3245:  86%|███████████████████████▎   | 162/188 [05:09<00:39,  1.51s/it]
Loss: 0.4292:  86%|███████████████████████▎   | 162/188 [05:10<00:39,  1.51s/it]
Loss: 0.4292:  87%|███████████████████████▍   | 163/188 [05:10<00:37,  1.51s/it]
Loss: 0.4630:  87%|███████████████████████▍   | 163/188 [05:12<00:37,  1.51s/it]
Loss: 0.4630:  87%|███████████████████████▌   | 164/188 [05:12<00:36,  1.51s/it]
Loss: 0.4695:  87%|███████████████████████▌   | 164/188 [05:13<00:36,  1.51s/it]
Loss: 0.4695:  88%|███████████████████████▋   | 165/188 [05:13<00:34,  1.51s/it]
Loss: 0.4505:  88%|███████████████████████▋   | 165/188 [05:15<00:34,  1.51s/it]
Loss: 0.4505:  88%|███████████████████████▊   | 166/188 [05:15<00:33,  1.51s/it]
Loss: 0.4857:  88%|███████████████████████▊   | 166/188 [05:16<00:33,  1.51s/it]
Loss: 0.4857:  89%|███████████████████████▉   | 167/188 [05:16<00:31,  1.50s/it]
Loss: 0.2661:  89%|███████████████████████▉   | 167/188 [05:18<00:31,  1.50s/it]
Loss: 0.2661:  89%|████████████████████████▏  | 168/188 [05:18<00:29,  1.50s/it]
Loss: 0.4075:  89%|████████████████████████▏  | 168/188 [05:19<00:29,  1.50s/it]
Loss: 0.4075:  90%|████████████████████████▎  | 169/188 [05:19<00:28,  1.50s/it]
Loss: 0.3771:  90%|████████████████████████▎  | 169/188 [05:21<00:28,  1.50s/it]
Loss: 0.3771:  90%|████████████████████████▍  | 170/188 [05:21<00:26,  1.49s/it]
Loss: 0.2724:  90%|████████████████████████▍  | 170/188 [05:22<00:26,  1.49s/it]
Loss: 0.2724:  91%|████████████████████████▌  | 171/188 [05:22<00:25,  1.49s/it]
Loss: 0.3169:  91%|████████████████████████▌  | 171/188 [05:24<00:25,  1.49s/it]
Loss: 0.3169:  91%|████████████████████████▋  | 172/188 [05:24<00:23,  1.49s/it]
Loss: 0.4765:  91%|████████████████████████▋  | 172/188 [05:25<00:23,  1.49s/it]
Loss: 0.4765:  92%|████████████████████████▊  | 173/188 [05:25<00:22,  1.49s/it]
Loss: 0.2409:  92%|████████████████████████▊  | 173/188 [05:27<00:22,  1.49s/it]
Loss: 0.2409:  93%|████████████████████████▉  | 174/188 [05:27<00:20,  1.49s/it]
Loss: 0.6862:  93%|████████████████████████▉  | 174/188 [05:28<00:20,  1.49s/it]
Loss: 0.6862:  93%|█████████████████████████▏ | 175/188 [05:28<00:19,  1.49s/it]
Loss: 0.5521:  93%|█████████████████████████▏ | 175/188 [05:29<00:19,  1.49s/it]
Loss: 0.5521:  94%|█████████████████████████▎ | 176/188 [05:29<00:17,  1.49s/it]
Loss: 0.3501:  94%|█████████████████████████▎ | 176/188 [05:31<00:17,  1.49s/it]
Loss: 0.3501:  94%|█████████████████████████▍ | 177/188 [05:31<00:16,  1.49s/it]
Loss: 0.3589:  94%|█████████████████████████▍ | 177/188 [05:32<00:16,  1.49s/it]
Loss: 0.3589:  95%|█████████████████████████▌ | 178/188 [05:32<00:14,  1.49s/it]
Loss: 0.2455:  95%|█████████████████████████▌ | 178/188 [05:34<00:14,  1.49s/it]
Loss: 0.2455:  95%|█████████████████████████▋ | 179/188 [05:34<00:13,  1.50s/it]
Loss: 0.3925:  95%|█████████████████████████▋ | 179/188 [05:35<00:13,  1.50s/it]
Loss: 0.3925:  96%|█████████████████████████▊ | 180/188 [05:35<00:11,  1.50s/it]
Loss: 0.3919:  96%|█████████████████████████▊ | 180/188 [05:37<00:11,  1.50s/it]
Loss: 0.3919:  96%|█████████████████████████▉ | 181/188 [05:37<00:10,  1.50s/it]
Loss: 0.4236:  96%|█████████████████████████▉ | 181/188 [05:38<00:10,  1.50s/it]
Loss: 0.4236:  97%|██████████████████████████▏| 182/188 [05:38<00:08,  1.50s/it]
Loss: 0.3269:  97%|██████████████████████████▏| 182/188 [05:40<00:08,  1.50s/it]
Loss: 0.3269:  97%|██████████████████████████▎| 183/188 [05:40<00:07,  1.50s/it]
Loss: 0.3460:  97%|██████████████████████████▎| 183/188 [05:42<00:07,  1.50s/it]
Loss: 0.3460:  98%|██████████████████████████▍| 184/188 [05:42<00:06,  1.51s/it]
Loss: 0.5041:  98%|██████████████████████████▍| 184/188 [05:43<00:06,  1.51s/it]
Loss: 0.5041:  98%|██████████████████████████▌| 185/188 [05:43<00:04,  1.50s/it]
Loss: 0.3183:  98%|██████████████████████████▌| 185/188 [05:44<00:04,  1.50s/it]
Loss: 0.3183:  99%|██████████████████████████▋| 186/188 [05:44<00:02,  1.50s/it]
Loss: 0.3962:  99%|██████████████████████████▋| 186/188 [05:46<00:02,  1.50s/it]
Loss: 0.3962:  99%|██████████████████████████▊| 187/188 [05:46<00:01,  1.50s/it]
Loss: 0.4297:  99%|██████████████████████████▊| 187/188 [05:47<00:01,  1.50s/it]
Loss: 0.4297: 100%|███████████████████████████| 188/188 [05:47<00:00,  1.29s/it]
Loss: 0.4297: 100%|███████████████████████████| 188/188 [05:49<00:00,  1.86s/it]
Epoch 1 Avg Loss: 0.3968
Saved Joint Model: runs/exp/UBFC-rPPG_SizeW128_SizeH128_ClipLength160_DataTypeDiffNormalized_DataAugNone_LabelTypeDiffNormalized_Crop_faceTrue_BackendHC_Large_boxTrue_Large_size1.5_Dyamic_DetFalse_det_len30_Median_face_boxFalse/./runs/exp/A/A1/_Joint_Epoch1.pth
==== Joint Validation ====

  0%|                                                    | 0/24 [00:00<?, ?it/s]
Val Loss: 0.3865:   0%|                                  | 0/24 [01:19<?, ?it/s]
Val Loss: 0.3865:   4%|█                         | 1/24 [01:19<30:20, 79.16s/it]
Val Loss: 0.3413:   4%|█                         | 1/24 [01:19<30:20, 79.16s/it]
Val Loss: 0.3413:   8%|██▏                       | 2/24 [01:19<12:07, 33.05s/it]
Val Loss: 0.3621:   8%|██▏                       | 2/24 [01:20<12:07, 33.05s/it]
Val Loss: 0.3621:  12%|███▎                      | 3/24 [01:20<06:22, 18.22s/it]
Val Loss: 0.6357:  12%|███▎                      | 3/24 [01:21<06:22, 18.22s/it]
Val Loss: 0.6357:  17%|████▎                     | 4/24 [01:21<03:45, 11.26s/it]
Val Loss: 0.6039:  17%|████▎                     | 4/24 [01:21<03:45, 11.26s/it]
Val Loss: 0.6039:  21%|█████▍                    | 5/24 [01:21<02:20,  7.42s/it]
Val Loss: 0.7248:  21%|█████▍                    | 5/24 [01:22<02:20,  7.42s/it]
Val Loss: 0.7248:  25%|██████▌                   | 6/24 [01:22<01:32,  5.11s/it]
Val Loss: 0.1432:  25%|██████▌                   | 6/24 [01:22<01:32,  5.11s/it]
Val Loss: 0.1432:  29%|███████▌                  | 7/24 [01:22<01:01,  3.64s/it]
Val Loss: 0.1707:  29%|███████▌                  | 7/24 [01:23<01:01,  3.64s/it]
Val Loss: 0.1707:  33%|████████▋                 | 8/24 [01:23<00:42,  2.66s/it]
Val Loss: 0.2174:  33%|████████▋                 | 8/24 [01:24<00:42,  2.66s/it]
Val Loss: 0.2174:  38%|█████████▊                | 9/24 [01:24<00:30,  2.01s/it]
Val Loss: 0.3105:  38%|█████████▊                | 9/24 [01:24<00:30,  2.01s/it]
Val Loss: 0.3105:  42%|██████████▍              | 10/24 [01:24<00:22,  1.57s/it]
Val Loss: 0.3704:  42%|██████████▍              | 10/24 [01:25<00:22,  1.57s/it]
Val Loss: 0.3704:  46%|███████████▍             | 11/24 [01:25<00:16,  1.27s/it]
Val Loss: 0.4617:  46%|███████████▍             | 11/24 [01:25<00:16,  1.27s/it]
Val Loss: 0.4617:  50%|████████████▌            | 12/24 [01:25<00:12,  1.06s/it]
Val Loss: 0.2438:  50%|████████████▌            | 12/24 [01:26<00:12,  1.06s/it]
Val Loss: 0.2438:  54%|█████████████▌           | 13/24 [01:26<00:10,  1.09it/s]
Val Loss: 0.2930:  54%|█████████████▌           | 13/24 [01:27<00:10,  1.09it/s]
Val Loss: 0.2930:  58%|██████████████▌          | 14/24 [01:27<00:08,  1.22it/s]
Val Loss: 0.2699:  58%|██████████████▌          | 14/24 [01:27<00:08,  1.22it/s]
Val Loss: 0.2699:  62%|███████████████▋         | 15/24 [01:27<00:06,  1.33it/s]
Val Loss: 0.3514:  62%|███████████████▋         | 15/24 [01:28<00:06,  1.33it/s]
Val Loss: 0.3514:  67%|████████████████▋        | 16/24 [01:28<00:05,  1.39it/s]
Val Loss: 0.4690:  67%|████████████████▋        | 16/24 [01:28<00:05,  1.39it/s]
Val Loss: 0.4690:  71%|█████████████████▋       | 17/24 [01:28<00:04,  1.46it/s]
Val Loss: 0.5348:  71%|█████████████████▋       | 17/24 [01:29<00:04,  1.46it/s]
Val Loss: 0.5348:  75%|██████████████████▊      | 18/24 [01:29<00:03,  1.53it/s]
Val Loss: 0.1733:  75%|██████████████████▊      | 18/24 [01:30<00:03,  1.53it/s]
Val Loss: 0.1733:  79%|███████████████████▊     | 19/24 [01:30<00:03,  1.59it/s]
Val Loss: 0.2337:  79%|███████████████████▊     | 19/24 [01:30<00:03,  1.59it/s]
Val Loss: 0.2337:  83%|████████████████████▊    | 20/24 [01:30<00:02,  1.62it/s]
Val Loss: 0.2788:  83%|████████████████████▊    | 20/24 [01:31<00:02,  1.62it/s]
Val Loss: 0.2788:  88%|█████████████████████▉   | 21/24 [01:31<00:01,  1.65it/s]
Val Loss: 0.3878:  88%|█████████████████████▉   | 21/24 [01:31<00:01,  1.65it/s]
Val Loss: 0.3878:  92%|██████████████████████▉  | 22/24 [01:31<00:01,  1.67it/s]
Val Loss: 0.4570:  92%|██████████████████████▉  | 22/24 [01:32<00:01,  1.67it/s]
Val Loss: 0.4570:  96%|███████████████████████▉ | 23/24 [01:32<00:00,  1.67it/s]
Val Loss: 0.4602:  96%|███████████████████████▉ | 23/24 [01:32<00:00,  1.67it/s]
Val Loss: 0.4602: 100%|█████████████████████████| 24/24 [01:32<00:00,  1.67it/s]
Val Loss: 0.4602: 100%|█████████████████████████| 24/24 [01:34<00:00,  3.95s/it]
Validation Average Loss: 0.3700
Update best model! Best epoch: 1
==== Joint Training Epoch: 2 ====

  0%|                                                   | 0/188 [00:00<?, ?it/s]
Loss: 0.3073:   0%|                                     | 0/188 [01:08<?, ?it/s]
Loss: 0.3073:   1%|▏                          | 1/188 [01:08<3:33:58, 68.66s/it]
Loss: 0.2338:   1%|▏                          | 1/188 [01:10<3:33:58, 68.66s/it]
Loss: 0.2338:   1%|▎                          | 2/188 [01:10<1:30:20, 29.14s/it]
Loss: 0.4062:   1%|▎                          | 2/188 [01:11<1:30:20, 29.14s/it]
Loss: 0.4062:   2%|▍                            | 3/188 [01:11<50:56, 16.52s/it]
Loss: 0.4438:   2%|▍                            | 3/188 [01:13<50:56, 16.52s/it]
Loss: 0.4438:   2%|▌                            | 4/188 [01:13<32:28, 10.59s/it]
Loss: 0.4180:   2%|▌                            | 4/188 [01:14<32:28, 10.59s/it]
Loss: 0.4180:   3%|▊                            | 5/188 [01:14<22:16,  7.30s/it]
Loss: 0.2482:   3%|▊                            | 5/188 [01:16<22:16,  7.30s/it]
Loss: 0.2482:   3%|▉                            | 6/188 [01:16<16:08,  5.32s/it]
Loss: 0.2685:   3%|▉                            | 6/188 [01:17<16:08,  5.32s/it]
Loss: 0.2685:   4%|█                            | 7/188 [01:17<12:15,  4.06s/it]
Loss: 0.4003:   4%|█                            | 7/188 [01:19<12:15,  4.06s/it]
Loss: 0.4003:   4%|█▏                           | 8/188 [01:19<09:43,  3.24s/it]
Loss: 0.4164:   4%|█▏                           | 8/188 [01:20<09:43,  3.24s/it]
Loss: 0.4164:   5%|█▍                           | 9/188 [01:20<08:01,  2.69s/it]
Loss: 0.3311:   5%|█▍                           | 9/188 [01:21<08:01,  2.69s/it]
Loss: 0.3311:   5%|█▍                          | 10/188 [01:21<06:52,  2.31s/it]
Loss: 0.2323:   5%|█▍                          | 10/188 [01:23<06:52,  2.31s/it]
Loss: 0.2323:   6%|█▋                          | 11/188 [01:23<06:04,  2.06s/it]
Loss: 0.2715:   6%|█▋                          | 11/188 [01:24<06:04,  2.06s/it]
Loss: 0.2715:   6%|█▊                          | 12/188 [01:24<05:31,  1.88s/it]
Loss: 0.4497:   6%|█▊                          | 12/188 [01:26<05:31,  1.88s/it]
Loss: 0.4497:   7%|█▉                          | 13/188 [01:26<05:09,  1.77s/it]
Loss: 0.3561:   7%|█▉                          | 13/188 [01:27<05:09,  1.77s/it]
Loss: 0.3561:   7%|██                          | 14/188 [01:27<04:52,  1.68s/it]
Loss: 0.2150:   7%|██                          | 14/188 [01:29<04:52,  1.68s/it]
Loss: 0.2150:   8%|██▏                         | 15/188 [01:29<04:40,  1.62s/it]
Loss: 0.3404:   8%|██▏                         | 15/188 [01:30<04:40,  1.62s/it]
Loss: 0.3404:   9%|██▍                         | 16/188 [01:30<04:31,  1.58s/it]
Loss: 0.3544:   9%|██▍                         | 16/188 [01:32<04:31,  1.58s/it]
Loss: 0.3544:   9%|██▌                         | 17/188 [01:32<04:24,  1.55s/it]
Loss: 0.2727:   9%|██▌                         | 17/188 [01:33<04:24,  1.55s/it]
Loss: 0.2727:  10%|██▋                         | 18/188 [01:33<04:20,  1.53s/it]
Loss: 0.3336:  10%|██▋                         | 18/188 [01:35<04:20,  1.53s/it]
Loss: 0.3336:  10%|██▊                         | 19/188 [01:35<04:17,  1.52s/it]
Loss: 0.4479:  10%|██▊                         | 19/188 [01:36<04:17,  1.52s/it]
Loss: 0.4479:  11%|██▉                         | 20/188 [01:36<04:14,  1.52s/it]
Loss: 0.2792:  11%|██▉                         | 20/188 [01:38<04:14,  1.52s/it]
Loss: 0.2792:  11%|███▏                        | 21/188 [01:38<04:12,  1.51s/it]
Loss: 0.4814:  11%|███▏                        | 21/188 [01:39<04:12,  1.51s/it]
Loss: 0.4814:  12%|███▎                        | 22/188 [01:39<04:10,  1.51s/it]
Loss: 0.2522:  12%|███▎                        | 22/188 [01:41<04:10,  1.51s/it]
Loss: 0.2522:  12%|███▍                        | 23/188 [01:41<04:09,  1.51s/it]
Loss: 0.4370:  12%|███▍                        | 23/188 [01:42<04:09,  1.51s/it]
Loss: 0.4370:  13%|███▌                        | 24/188 [01:42<04:07,  1.51s/it]
Loss: 0.3980:  13%|███▌                        | 24/188 [01:44<04:07,  1.51s/it]
Loss: 0.3980:  13%|███▋                        | 25/188 [01:44<04:04,  1.50s/it]
Loss: 0.3365:  13%|███▋                        | 25/188 [01:45<04:04,  1.50s/it]
Loss: 0.3365:  14%|███▊                        | 26/188 [01:45<04:03,  1.50s/it]
Loss: 0.3880:  14%|███▊                        | 26/188 [01:47<04:03,  1.50s/it]
Loss: 0.3880:  14%|████                        | 27/188 [01:47<04:00,  1.50s/it]
Loss: 0.2602:  14%|████                        | 27/188 [01:48<04:00,  1.50s/it]
Loss: 0.2602:  15%|████▏                       | 28/188 [01:48<03:59,  1.50s/it]
Loss: 0.4799:  15%|████▏                       | 28/188 [01:50<03:59,  1.50s/it]
Loss: 0.4799:  15%|████▎                       | 29/188 [01:50<03:57,  1.50s/it]
Loss: 0.3517:  15%|████▎                       | 29/188 [01:51<03:57,  1.50s/it]
Loss: 0.3517:  16%|████▍                       | 30/188 [01:51<03:56,  1.50s/it]
Loss: 0.3411:  16%|████▍                       | 30/188 [01:53<03:56,  1.50s/it]
Loss: 0.3411:  16%|████▌                       | 31/188 [01:53<03:55,  1.50s/it]
Loss: 0.3725:  16%|████▌                       | 31/188 [01:54<03:55,  1.50s/it]
Loss: 0.3725:  17%|████▊                       | 32/188 [01:54<03:53,  1.50s/it]
Loss: 0.3582:  17%|████▊                       | 32/188 [01:56<03:53,  1.50s/it]
Loss: 0.3582:  18%|████▉                       | 33/188 [01:56<03:52,  1.50s/it]
Loss: 0.3993:  18%|████▉                       | 33/188 [01:57<03:52,  1.50s/it]
Loss: 0.3993:  18%|█████                       | 34/188 [01:57<03:50,  1.49s/it]
Loss: 0.2740:  18%|█████                       | 34/188 [01:59<03:50,  1.49s/it]
Loss: 0.2740:  19%|█████▏                      | 35/188 [01:59<03:47,  1.49s/it]
Loss: 0.2994:  19%|█████▏                      | 35/188 [02:00<03:47,  1.49s/it]
Loss: 0.2994:  19%|█████▎                      | 36/188 [02:00<03:45,  1.49s/it]
Loss: 0.3627:  19%|█████▎                      | 36/188 [02:02<03:45,  1.49s/it]
Loss: 0.3627:  20%|█████▌                      | 37/188 [02:02<03:44,  1.48s/it]
Loss: 0.3880:  20%|█████▌                      | 37/188 [02:03<03:44,  1.48s/it]
Loss: 0.3880:  20%|█████▋                      | 38/188 [02:03<03:42,  1.48s/it]
Loss: 0.3515:  20%|█████▋                      | 38/188 [02:05<03:42,  1.48s/it]
Loss: 0.3515:  21%|█████▊                      | 39/188 [02:05<03:41,  1.48s/it]
Loss: 0.2841:  21%|█████▊                      | 39/188 [02:06<03:41,  1.48s/it]
Loss: 0.2841:  21%|█████▉                      | 40/188 [02:06<03:39,  1.49s/it]
Loss: 0.3346:  21%|█████▉                      | 40/188 [02:08<03:39,  1.49s/it]
Loss: 0.3346:  22%|██████                      | 41/188 [02:08<03:38,  1.49s/it]
Loss: 0.3079:  22%|██████                      | 41/188 [02:09<03:38,  1.49s/it]
Loss: 0.3079:  22%|██████▎                     | 42/188 [02:09<03:36,  1.48s/it]
Loss: 0.4133:  22%|██████▎                     | 42/188 [02:11<03:36,  1.48s/it]
Loss: 0.4133:  23%|██████▍                     | 43/188 [02:11<03:35,  1.48s/it]
Loss: 0.3744:  23%|██████▍                     | 43/188 [02:12<03:35,  1.48s/it]
Loss: 0.3744:  23%|██████▌                     | 44/188 [02:12<03:33,  1.48s/it]
Loss: 0.3786:  23%|██████▌                     | 44/188 [02:14<03:33,  1.48s/it]
Loss: 0.3786:  24%|██████▋                     | 45/188 [02:14<03:32,  1.49s/it]
Loss: 0.4175:  24%|██████▋                     | 45/188 [02:15<03:32,  1.49s/it]
Loss: 0.4175:  24%|██████▊                     | 46/188 [02:15<03:32,  1.50s/it]
Loss: 0.3739:  24%|██████▊                     | 46/188 [02:17<03:32,  1.50s/it]
Loss: 0.3739:  25%|███████                     | 47/188 [02:17<03:32,  1.51s/it]
Loss: 0.2689:  25%|███████                     | 47/188 [02:18<03:32,  1.51s/it]
Loss: 0.2689:  26%|███████▏                    | 48/188 [02:18<03:31,  1.51s/it]
Loss: 0.3377:  26%|███████▏                    | 48/188 [02:20<03:31,  1.51s/it]
Loss: 0.3377:  26%|███████▎                    | 49/188 [02:20<03:30,  1.51s/it]
Loss: 0.4077:  26%|███████▎                    | 49/188 [02:21<03:30,  1.51s/it]
Loss: 0.4077:  27%|███████▍                    | 50/188 [02:21<03:29,  1.51s/it]
Loss: 0.2976:  27%|███████▍                    | 50/188 [02:23<03:29,  1.51s/it]
Loss: 0.2976:  27%|███████▌                    | 51/188 [02:23<03:27,  1.52s/it]
Loss: 0.4099:  27%|███████▌                    | 51/188 [02:24<03:27,  1.52s/it]
Loss: 0.4099:  28%|███████▋                    | 52/188 [02:24<03:26,  1.52s/it]
Loss: 0.3855:  28%|███████▋                    | 52/188 [02:26<03:26,  1.52s/it]
Loss: 0.3855:  28%|███████▉                    | 53/188 [02:26<03:24,  1.52s/it]
Loss: 0.3193:  28%|███████▉                    | 53/188 [02:27<03:24,  1.52s/it]
Loss: 0.3193:  29%|████████                    | 54/188 [02:27<03:23,  1.52s/it]
Loss: 0.3881:  29%|████████                    | 54/188 [02:29<03:23,  1.52s/it]
Loss: 0.3881:  29%|████████▏                   | 55/188 [02:29<03:21,  1.51s/it]
Loss: 0.3316:  29%|████████▏                   | 55/188 [02:30<03:21,  1.51s/it]
Loss: 0.3316:  30%|████████▎                   | 56/188 [02:30<03:19,  1.51s/it]
Loss: 0.4010:  30%|████████▎                   | 56/188 [02:32<03:19,  1.51s/it]
Loss: 0.4010:  30%|████████▍                   | 57/188 [02:32<03:17,  1.51s/it]
Loss: 0.2617:  30%|████████▍                   | 57/188 [02:33<03:17,  1.51s/it]
Loss: 0.2617:  31%|████████▋                   | 58/188 [02:33<03:15,  1.50s/it]
Loss: 0.3017:  31%|████████▋                   | 58/188 [02:35<03:15,  1.50s/it]
Loss: 0.3017:  31%|████████▊                   | 59/188 [02:35<03:14,  1.50s/it]
Loss: 0.3595:  31%|████████▊                   | 59/188 [02:36<03:14,  1.50s/it]
Loss: 0.3595:  32%|████████▉                   | 60/188 [02:36<03:12,  1.50s/it]
Loss: 0.3962:  32%|████████▉                   | 60/188 [02:38<03:12,  1.50s/it]
Loss: 0.3962:  32%|█████████                   | 61/188 [02:38<03:10,  1.50s/it]
Loss: 0.3424:  32%|█████████                   | 61/188 [02:39<03:10,  1.50s/it]
Loss: 0.3424:  33%|█████████▏                  | 62/188 [02:39<03:08,  1.50s/it]
Loss: 0.3055:  33%|█████████▏                  | 62/188 [02:41<03:08,  1.50s/it]
Loss: 0.3055:  34%|█████████▍                  | 63/188 [02:41<03:07,  1.50s/it]
Loss: 0.3379:  34%|█████████▍                  | 63/188 [02:42<03:07,  1.50s/it]
Loss: 0.3379:  34%|█████████▌                  | 64/188 [02:42<03:06,  1.50s/it]
Loss: 0.4072:  34%|█████████▌                  | 64/188 [02:44<03:06,  1.50s/it]
Loss: 0.4072:  35%|█████████▋                  | 65/188 [02:44<03:04,  1.50s/it]
Loss: 0.3378:  35%|█████████▋                  | 65/188 [02:45<03:04,  1.50s/it]
Loss: 0.3378:  35%|█████████▊                  | 66/188 [02:45<03:03,  1.50s/it]
Loss: 0.2910:  35%|█████████▊                  | 66/188 [02:47<03:03,  1.50s/it]
Loss: 0.2910:  36%|█████████▉                  | 67/188 [02:47<03:01,  1.50s/it]
Loss: 0.4909:  36%|█████████▉                  | 67/188 [02:48<03:01,  1.50s/it]
Loss: 0.4909:  36%|██████████▏                 | 68/188 [02:48<02:59,  1.49s/it]
Loss: 0.3652:  36%|██████████▏                 | 68/188 [02:50<02:59,  1.49s/it]
Loss: 0.3652:  37%|██████████▎                 | 69/188 [02:50<02:57,  1.49s/it]
Loss: 0.4117:  37%|██████████▎                 | 69/188 [02:51<02:57,  1.49s/it]
Loss: 0.4117:  37%|██████████▍                 | 70/188 [02:51<02:55,  1.49s/it]
Loss: 0.4079:  37%|██████████▍                 | 70/188 [02:53<02:55,  1.49s/it]
Loss: 0.4079:  38%|██████████▌                 | 71/188 [02:53<02:53,  1.49s/it]
Loss: 0.3893:  38%|██████████▌                 | 71/188 [02:54<02:53,  1.49s/it]
Loss: 0.3893:  38%|██████████▋                 | 72/188 [02:54<02:52,  1.49s/it]
Loss: 0.2375:  38%|██████████▋                 | 72/188 [02:56<02:52,  1.49s/it]
Loss: 0.2375:  39%|██████████▊                 | 73/188 [02:56<02:51,  1.49s/it]
Loss: 0.3019:  39%|██████████▊                 | 73/188 [02:57<02:51,  1.49s/it]
Loss: 0.3019:  39%|███████████                 | 74/188 [02:57<02:49,  1.49s/it]
Loss: 0.2306:  39%|███████████                 | 74/188 [02:59<02:49,  1.49s/it]
Loss: 0.2306:  40%|███████████▏                | 75/188 [02:59<02:48,  1.49s/it]
Loss: 0.2584:  40%|███████████▏                | 75/188 [03:00<02:48,  1.49s/it]
Loss: 0.2584:  40%|███████████▎                | 76/188 [03:00<02:46,  1.49s/it]
Loss: 0.3564:  40%|███████████▎                | 76/188 [03:02<02:46,  1.49s/it]
Loss: 0.3564:  41%|███████████▍                | 77/188 [03:02<02:45,  1.49s/it]
Loss: 0.2916:  41%|███████████▍                | 77/188 [03:03<02:45,  1.49s/it]
Loss: 0.2916:  41%|███████████▌                | 78/188 [03:03<02:44,  1.49s/it]
Loss: 0.4167:  41%|███████████▌                | 78/188 [03:05<02:44,  1.49s/it]
Loss: 0.4167:  42%|███████████▊                | 79/188 [03:05<02:43,  1.50s/it]
Loss: 0.3751:  42%|███████████▊                | 79/188 [03:06<02:43,  1.50s/it]
Loss: 0.3751:  43%|███████████▉                | 80/188 [03:06<02:42,  1.50s/it]
Loss: 0.4035:  43%|███████████▉                | 80/188 [03:08<02:42,  1.50s/it]
Loss: 0.4035:  43%|████████████                | 81/188 [03:08<02:41,  1.51s/it]
Loss: 0.3805:  43%|████████████                | 81/188 [03:09<02:41,  1.51s/it]
Loss: 0.3805:  44%|████████████▏               | 82/188 [03:09<02:40,  1.51s/it]
Loss: 0.3100:  44%|████████████▏               | 82/188 [03:11<02:40,  1.51s/it]
Loss: 0.3100:  44%|████████████▎               | 83/188 [03:11<02:38,  1.51s/it]
Loss: 0.5471:  44%|████████████▎               | 83/188 [03:12<02:38,  1.51s/it]
Loss: 0.5471:  45%|████████████▌               | 84/188 [03:12<02:37,  1.51s/it]
Loss: 0.4028:  45%|████████████▌               | 84/188 [03:14<02:37,  1.51s/it]
Loss: 0.4028:  45%|████████████▋               | 85/188 [03:14<02:36,  1.52s/it]
Loss: 0.2657:  45%|████████████▋               | 85/188 [03:15<02:36,  1.52s/it]
Loss: 0.2657:  46%|████████████▊               | 86/188 [03:15<02:34,  1.52s/it]
Loss: 0.2981:  46%|████████████▊               | 86/188 [03:17<02:34,  1.52s/it]
Loss: 0.2981:  46%|████████████▉               | 87/188 [03:17<02:33,  1.52s/it]
Loss: 0.3084:  46%|████████████▉               | 87/188 [03:18<02:33,  1.52s/it]
Loss: 0.3084:  47%|█████████████               | 88/188 [03:18<02:31,  1.51s/it]
Loss: 0.3215:  47%|█████████████               | 88/188 [03:20<02:31,  1.51s/it]
Loss: 0.3215:  47%|█████████████▎              | 89/188 [03:20<02:29,  1.51s/it]
Loss: 0.2149:  47%|█████████████▎              | 89/188 [03:21<02:29,  1.51s/it]
Loss: 0.2149:  48%|█████████████▍              | 90/188 [03:21<02:27,  1.51s/it]
Loss: 0.2964:  48%|█████████████▍              | 90/188 [03:23<02:27,  1.51s/it]
Loss: 0.2964:  48%|█████████████▌              | 91/188 [03:23<02:25,  1.50s/it]
Loss: 0.2571:  48%|█████████████▌              | 91/188 [03:24<02:25,  1.50s/it]
Loss: 0.2571:  49%|█████████████▋              | 92/188 [03:24<02:24,  1.50s/it]
Loss: 0.2741:  49%|█████████████▋              | 92/188 [03:26<02:24,  1.50s/it]
Loss: 0.2741:  49%|█████████████▊              | 93/188 [03:26<02:22,  1.50s/it]
Loss: 0.3020:  49%|█████████████▊              | 93/188 [03:27<02:22,  1.50s/it]
Loss: 0.3020:  50%|██████████████              | 94/188 [03:27<02:21,  1.50s/it]
Loss: 0.2890:  50%|██████████████              | 94/188 [03:29<02:21,  1.50s/it]
Loss: 0.2890:  51%|██████████████▏             | 95/188 [03:29<02:19,  1.50s/it]
Loss: 0.4506:  51%|██████████████▏             | 95/188 [03:30<02:19,  1.50s/it]
Loss: 0.4506:  51%|██████████████▎             | 96/188 [03:30<02:17,  1.50s/it]
Loss: 0.3111:  51%|██████████████▎             | 96/188 [03:32<02:17,  1.50s/it]
Loss: 0.3111:  52%|██████████████▍             | 97/188 [03:32<02:16,  1.50s/it]
Loss: 0.4834:  52%|██████████████▍             | 97/188 [03:33<02:16,  1.50s/it]
Loss: 0.4834:  52%|██████████████▌             | 98/188 [03:33<02:15,  1.50s/it]
Loss: 0.3541:  52%|██████████████▌             | 98/188 [03:35<02:15,  1.50s/it]
Loss: 0.3541:  53%|██████████████▋             | 99/188 [03:35<02:13,  1.50s/it]
Loss: 0.2176:  53%|██████████████▋             | 99/188 [03:36<02:13,  1.50s/it]
Loss: 0.2176:  53%|██████████████▎            | 100/188 [03:36<02:11,  1.50s/it]
Loss: 0.2909:  53%|██████████████▎            | 100/188 [03:38<02:11,  1.50s/it]
Loss: 0.2909:  54%|██████████████▌            | 101/188 [03:38<02:10,  1.50s/it]
Loss: 0.2521:  54%|██████████████▌            | 101/188 [03:39<02:10,  1.50s/it]
Loss: 0.2521:  54%|██████████████▋            | 102/188 [03:39<02:08,  1.49s/it]
Loss: 0.2984:  54%|██████████████▋            | 102/188 [03:41<02:08,  1.49s/it]
Loss: 0.2984:  55%|██████████████▊            | 103/188 [03:41<02:06,  1.49s/it]
Loss: 0.3785:  55%|██████████████▊            | 103/188 [03:42<02:06,  1.49s/it]
Loss: 0.3785:  55%|██████████████▉            | 104/188 [03:42<02:05,  1.49s/it]
Loss: 0.4566:  55%|██████████████▉            | 104/188 [03:44<02:05,  1.49s/it]
Loss: 0.4566:  56%|███████████████            | 105/188 [03:44<02:03,  1.49s/it]
Loss: 0.3935:  56%|███████████████            | 105/188 [03:45<02:03,  1.49s/it]
Loss: 0.3935:  56%|███████████████▏           | 106/188 [03:45<02:02,  1.49s/it]
Loss: 0.2487:  56%|███████████████▏           | 106/188 [03:47<02:02,  1.49s/it]
Loss: 0.2487:  57%|███████████████▎           | 107/188 [03:47<02:00,  1.49s/it]
Loss: 0.4649:  57%|███████████████▎           | 107/188 [03:48<02:00,  1.49s/it]
Loss: 0.4649:  57%|███████████████▌           | 108/188 [03:48<01:58,  1.49s/it]
Loss: 0.2675:  57%|███████████████▌           | 108/188 [03:50<01:58,  1.49s/it]
Loss: 0.2675:  58%|███████████████▋           | 109/188 [03:50<01:57,  1.49s/it]
Loss: 0.5109:  58%|███████████████▋           | 109/188 [03:51<01:57,  1.49s/it]
Loss: 0.5109:  59%|███████████████▊           | 110/188 [03:51<01:55,  1.49s/it]
Loss: 0.2685:  59%|███████████████▊           | 110/188 [03:53<01:55,  1.49s/it]
Loss: 0.2685:  59%|███████████████▉           | 111/188 [03:53<01:54,  1.49s/it]
Loss: 0.3841:  59%|███████████████▉           | 111/188 [03:54<01:54,  1.49s/it]
Loss: 0.3841:  60%|████████████████           | 112/188 [03:54<01:53,  1.50s/it]
Loss: 0.2286:  60%|████████████████           | 112/188 [03:56<01:53,  1.50s/it]
Loss: 0.2286:  60%|████████████████▏          | 113/188 [03:56<01:52,  1.50s/it]
Loss: 0.2998:  60%|████████████████▏          | 113/188 [03:57<01:52,  1.50s/it]
Loss: 0.2998:  61%|████████████████▎          | 114/188 [03:57<01:51,  1.51s/it]
Loss: 0.4432:  61%|████████████████▎          | 114/188 [03:59<01:51,  1.51s/it]
Loss: 0.4432:  61%|████████████████▌          | 115/188 [03:59<01:50,  1.51s/it]
Loss: 0.2826:  61%|████████████████▌          | 115/188 [04:00<01:50,  1.51s/it]
Loss: 0.2826:  62%|████████████████▋          | 116/188 [04:00<01:48,  1.51s/it]
Loss: 0.2349:  62%|████████████████▋          | 116/188 [04:02<01:48,  1.51s/it]
Loss: 0.2349:  62%|████████████████▊          | 117/188 [04:02<01:47,  1.51s/it]
Loss: 0.4053:  62%|████████████████▊          | 117/188 [04:03<01:47,  1.51s/it]
Loss: 0.4053:  63%|████████████████▉          | 118/188 [04:03<01:46,  1.52s/it]
Loss: 0.3201:  63%|████████████████▉          | 118/188 [04:05<01:46,  1.52s/it]
Loss: 0.3201:  63%|█████████████████          | 119/188 [04:05<01:44,  1.52s/it]
Loss: 0.3222:  63%|█████████████████          | 119/188 [04:06<01:44,  1.52s/it]
Loss: 0.3222:  64%|█████████████████▏         | 120/188 [04:06<01:43,  1.52s/it]
Loss: 0.4641:  64%|█████████████████▏         | 120/188 [04:08<01:43,  1.52s/it]
Loss: 0.4641:  64%|█████████████████▍         | 121/188 [04:08<01:41,  1.52s/it]
Loss: 0.3845:  64%|█████████████████▍         | 121/188 [04:09<01:41,  1.52s/it]
Loss: 0.3845:  65%|█████████████████▌         | 122/188 [04:09<01:39,  1.51s/it]
Loss: 0.4739:  65%|█████████████████▌         | 122/188 [04:11<01:39,  1.51s/it]
Loss: 0.4739:  65%|█████████████████▋         | 123/188 [04:11<01:37,  1.51s/it]
Loss: 0.4332:  65%|█████████████████▋         | 123/188 [04:12<01:37,  1.51s/it]
Loss: 0.4332:  66%|█████████████████▊         | 124/188 [04:12<01:36,  1.50s/it]
Loss: 0.3104:  66%|█████████████████▊         | 124/188 [04:14<01:36,  1.50s/it]
Loss: 0.3104:  66%|█████████████████▉         | 125/188 [04:14<01:34,  1.50s/it]
Loss: 0.4294:  66%|█████████████████▉         | 125/188 [04:15<01:34,  1.50s/it]
Loss: 0.4294:  67%|██████████████████         | 126/188 [04:15<01:33,  1.50s/it]
Loss: 0.4323:  67%|██████████████████         | 126/188 [04:17<01:33,  1.50s/it]
Loss: 0.4323:  68%|██████████████████▏        | 127/188 [04:17<01:31,  1.50s/it]
Loss: 0.2426:  68%|██████████████████▏        | 127/188 [04:18<01:31,  1.50s/it]
Loss: 0.2426:  68%|██████████████████▍        | 128/188 [04:18<01:30,  1.50s/it]
Loss: 0.3380:  68%|██████████████████▍        | 128/188 [04:20<01:30,  1.50s/it]
Loss: 0.3380:  69%|██████████████████▌        | 129/188 [04:20<01:28,  1.50s/it]
Loss: 0.4448:  69%|██████████████████▌        | 129/188 [04:21<01:28,  1.50s/it]
Loss: 0.4448:  69%|██████████████████▋        | 130/188 [04:21<01:27,  1.50s/it]
Loss: 0.2963:  69%|██████████████████▋        | 130/188 [04:23<01:27,  1.50s/it]
Loss: 0.2963:  70%|██████████████████▊        | 131/188 [04:23<01:25,  1.51s/it]
Loss: 0.3508:  70%|██████████████████▊        | 131/188 [04:24<01:25,  1.51s/it]
Loss: 0.3508:  70%|██████████████████▉        | 132/188 [04:24<01:24,  1.51s/it]
Loss: 0.3002:  70%|██████████████████▉        | 132/188 [04:26<01:24,  1.51s/it]
Loss: 0.3002:  71%|███████████████████        | 133/188 [04:26<01:22,  1.50s/it]
Loss: 0.3525:  71%|███████████████████        | 133/188 [04:27<01:22,  1.50s/it]
Loss: 0.3525:  71%|███████████████████▏       | 134/188 [04:27<01:20,  1.50s/it]
Loss: 0.3783:  71%|███████████████████▏       | 134/188 [04:29<01:20,  1.50s/it]
Loss: 0.3783:  72%|███████████████████▍       | 135/188 [04:29<01:19,  1.49s/it]
Loss: 0.3937:  72%|███████████████████▍       | 135/188 [04:30<01:19,  1.49s/it]
Loss: 0.3937:  72%|███████████████████▌       | 136/188 [04:30<01:17,  1.49s/it]
Loss: 0.3405:  72%|███████████████████▌       | 136/188 [04:32<01:17,  1.49s/it]
Loss: 0.3405:  73%|███████████████████▋       | 137/188 [04:32<01:16,  1.49s/it]
Loss: 0.2443:  73%|███████████████████▋       | 137/188 [04:33<01:16,  1.49s/it]
Loss: 0.2443:  73%|███████████████████▊       | 138/188 [04:33<01:14,  1.49s/it]
Loss: 0.2717:  73%|███████████████████▊       | 138/188 [04:35<01:14,  1.49s/it]
Loss: 0.2717:  74%|███████████████████▉       | 139/188 [04:35<01:13,  1.49s/it]
Loss: 0.2189:  74%|███████████████████▉       | 139/188 [04:36<01:13,  1.49s/it]
Loss: 0.2189:  74%|████████████████████       | 140/188 [04:36<01:11,  1.49s/it]
Loss: 0.3712:  74%|████████████████████       | 140/188 [04:38<01:11,  1.49s/it]
Loss: 0.3712:  75%|████████████████████▎      | 141/188 [04:38<01:10,  1.49s/it]
Loss: 0.3782:  75%|████████████████████▎      | 141/188 [04:39<01:10,  1.49s/it]
Loss: 0.3782:  76%|████████████████████▍      | 142/188 [04:39<01:08,  1.49s/it]
Loss: 0.4148:  76%|████████████████████▍      | 142/188 [04:41<01:08,  1.49s/it]
Loss: 0.4148:  76%|████████████████████▌      | 143/188 [04:41<01:06,  1.49s/it]
Loss: 0.2306:  76%|████████████████████▌      | 143/188 [04:42<01:06,  1.49s/it]
Loss: 0.2306:  77%|████████████████████▋      | 144/188 [04:42<01:05,  1.49s/it]
Loss: 0.3235:  77%|████████████████████▋      | 144/188 [04:44<01:05,  1.49s/it]
Loss: 0.3235:  77%|████████████████████▊      | 145/188 [04:44<01:04,  1.50s/it]
Loss: 0.2950:  77%|████████████████████▊      | 145/188 [04:45<01:04,  1.50s/it]
Loss: 0.2950:  78%|████████████████████▉      | 146/188 [04:45<01:03,  1.50s/it]
Loss: 0.2985:  78%|████████████████████▉      | 146/188 [04:47<01:03,  1.50s/it]
Loss: 0.2985:  78%|█████████████████████      | 147/188 [04:47<01:01,  1.51s/it]
Loss: 0.2816:  78%|█████████████████████      | 147/188 [04:48<01:01,  1.51s/it]
Loss: 0.2816:  79%|█████████████████████▎     | 148/188 [04:48<01:00,  1.51s/it]
Loss: 0.3311:  79%|█████████████████████▎     | 148/188 [04:50<01:00,  1.51s/it]
Loss: 0.3311:  79%|█████████████████████▍     | 149/188 [04:50<00:58,  1.51s/it]
Loss: 0.3535:  79%|█████████████████████▍     | 149/188 [04:51<00:58,  1.51s/it]
Loss: 0.3535:  80%|█████████████████████▌     | 150/188 [04:51<00:57,  1.51s/it]
Loss: 0.3189:  80%|█████████████████████▌     | 150/188 [04:53<00:57,  1.51s/it]
Loss: 0.3189:  80%|█████████████████████▋     | 151/188 [04:53<00:56,  1.51s/it]
Loss: 0.3597:  80%|█████████████████████▋     | 151/188 [04:54<00:56,  1.51s/it]
Loss: 0.3597:  81%|█████████████████████▊     | 152/188 [04:54<00:54,  1.52s/it]
Loss: 0.2829:  81%|█████████████████████▊     | 152/188 [04:56<00:54,  1.52s/it]
Loss: 0.2829:  81%|█████████████████████▉     | 153/188 [04:56<00:53,  1.52s/it]
Loss: 0.3787:  81%|█████████████████████▉     | 153/188 [04:57<00:53,  1.52s/it]
Loss: 0.3787:  82%|██████████████████████     | 154/188 [04:57<00:51,  1.52s/it]
Loss: 0.3453:  82%|██████████████████████     | 154/188 [04:59<00:51,  1.52s/it]
Loss: 0.3453:  82%|██████████████████████▎    | 155/188 [04:59<00:49,  1.51s/it]
Loss: 0.4672:  82%|██████████████████████▎    | 155/188 [05:00<00:49,  1.51s/it]
Loss: 0.4672:  83%|██████████████████████▍    | 156/188 [05:00<00:48,  1.51s/it]
Loss: 0.2660:  83%|██████████████████████▍    | 156/188 [05:02<00:48,  1.51s/it]
Loss: 0.2660:  84%|██████████████████████▌    | 157/188 [05:02<00:46,  1.51s/it]
Loss: 0.2807:  84%|██████████████████████▌    | 157/188 [05:03<00:46,  1.51s/it]
Loss: 0.2807:  84%|██████████████████████▋    | 158/188 [05:03<00:45,  1.51s/it]
Loss: 0.2050:  84%|██████████████████████▋    | 158/188 [05:05<00:45,  1.51s/it]
Loss: 0.2050:  85%|██████████████████████▊    | 159/188 [05:05<00:43,  1.51s/it]
Loss: 0.3243:  85%|██████████████████████▊    | 159/188 [05:06<00:43,  1.51s/it]
Loss: 0.3243:  85%|██████████████████████▉    | 160/188 [05:06<00:42,  1.51s/it]
Loss: 0.4194:  85%|██████████████████████▉    | 160/188 [05:08<00:42,  1.51s/it]
Loss: 0.4194:  86%|███████████████████████    | 161/188 [05:08<00:40,  1.50s/it]
Loss: 0.2482:  86%|███████████████████████    | 161/188 [05:09<00:40,  1.50s/it]
Loss: 0.2482:  86%|███████████████████████▎   | 162/188 [05:09<00:39,  1.50s/it]
Loss: 0.2853:  86%|███████████████████████▎   | 162/188 [05:11<00:39,  1.50s/it]
Loss: 0.2853:  87%|███████████████████████▍   | 163/188 [05:11<00:37,  1.50s/it]
Loss: 0.3074:  87%|███████████████████████▍   | 163/188 [05:12<00:37,  1.50s/it]
Loss: 0.3074:  87%|███████████████████████▌   | 164/188 [05:12<00:36,  1.50s/it]
Loss: 0.2396:  87%|███████████████████████▌   | 164/188 [05:14<00:36,  1.50s/it]
Loss: 0.2396:  88%|███████████████████████▋   | 165/188 [05:14<00:34,  1.50s/it]
Loss: 0.4153:  88%|███████████████████████▋   | 165/188 [05:15<00:34,  1.50s/it]
Loss: 0.4153:  88%|███████████████████████▊   | 166/188 [05:15<00:32,  1.50s/it]
Loss: 0.3530:  88%|███████████████████████▊   | 166/188 [05:17<00:32,  1.50s/it]
Loss: 0.3530:  89%|███████████████████████▉   | 167/188 [05:17<00:31,  1.49s/it]
Loss: 0.4143:  89%|███████████████████████▉   | 167/188 [05:18<00:31,  1.49s/it]
Loss: 0.4143:  89%|████████████████████████▏  | 168/188 [05:18<00:29,  1.49s/it]
Loss: 0.2372:  89%|████████████████████████▏  | 168/188 [05:20<00:29,  1.49s/it]
Loss: 0.2372:  90%|████████████████████████▎  | 169/188 [05:20<00:28,  1.49s/it]
Loss: 0.3045:  90%|████████████████████████▎  | 169/188 [05:21<00:28,  1.49s/it]
Loss: 0.3045:  90%|████████████████████████▍  | 170/188 [05:21<00:26,  1.49s/it]
Loss: 0.3642:  90%|████████████████████████▍  | 170/188 [05:23<00:26,  1.49s/it]
Loss: 0.3642:  91%|████████████████████████▌  | 171/188 [05:23<00:25,  1.48s/it]
Loss: 0.2578:  91%|████████████████████████▌  | 171/188 [05:24<00:25,  1.48s/it]
Loss: 0.2578:  91%|████████████████████████▋  | 172/188 [05:24<00:23,  1.48s/it]
Loss: 0.2308:  91%|████████████████████████▋  | 172/188 [05:26<00:23,  1.48s/it]
Loss: 0.2308:  92%|████████████████████████▊  | 173/188 [05:26<00:22,  1.48s/it]
Loss: 0.3578:  92%|████████████████████████▊  | 173/188 [05:27<00:22,  1.48s/it]
Loss: 0.3578:  93%|████████████████████████▉  | 174/188 [05:27<00:20,  1.48s/it]
Loss: 0.3742:  93%|████████████████████████▉  | 174/188 [05:29<00:20,  1.48s/it]
Loss: 0.3742:  93%|█████████████████████████▏ | 175/188 [05:29<00:19,  1.48s/it]
Loss: 0.3310:  93%|█████████████████████████▏ | 175/188 [05:30<00:19,  1.48s/it]
Loss: 0.3310:  94%|█████████████████████████▎ | 176/188 [05:30<00:17,  1.48s/it]
Loss: 0.3905:  94%|█████████████████████████▎ | 176/188 [05:32<00:17,  1.48s/it]
Loss: 0.3905:  94%|█████████████████████████▍ | 177/188 [05:32<00:16,  1.48s/it]
Loss: 0.2387:  94%|█████████████████████████▍ | 177/188 [05:33<00:16,  1.48s/it]
Loss: 0.2387:  95%|█████████████████████████▌ | 178/188 [05:33<00:14,  1.49s/it]
Loss: 0.3818:  95%|█████████████████████████▌ | 178/188 [05:35<00:14,  1.49s/it]
Loss: 0.3818:  95%|█████████████████████████▋ | 179/188 [05:35<00:13,  1.50s/it]
Loss: 0.2498:  95%|█████████████████████████▋ | 179/188 [05:36<00:13,  1.50s/it]
Loss: 0.2498:  96%|█████████████████████████▊ | 180/188 [05:36<00:12,  1.50s/it]
Loss: 0.3936:  96%|█████████████████████████▊ | 180/188 [05:38<00:12,  1.50s/it]
Loss: 0.3936:  96%|█████████████████████████▉ | 181/188 [05:38<00:10,  1.50s/it]
Loss: 0.2945:  96%|█████████████████████████▉ | 181/188 [05:39<00:10,  1.50s/it]
Loss: 0.2945:  97%|██████████████████████████▏| 182/188 [05:39<00:09,  1.51s/it]
Loss: 0.2893:  97%|██████████████████████████▏| 182/188 [05:41<00:09,  1.51s/it]
Loss: 0.2893:  97%|██████████████████████████▎| 183/188 [05:41<00:07,  1.51s/it]
Loss: 0.2762:  97%|██████████████████████████▎| 183/188 [05:42<00:07,  1.51s/it]
Loss: 0.2762:  98%|██████████████████████████▍| 184/188 [05:42<00:06,  1.51s/it]
Loss: 0.5054:  98%|██████████████████████████▍| 184/188 [05:44<00:06,  1.51s/it]
Loss: 0.5054:  98%|██████████████████████████▌| 185/188 [05:44<00:04,  1.51s/it]
Loss: 0.4697:  98%|██████████████████████████▌| 185/188 [05:45<00:04,  1.51s/it]
Loss: 0.4697:  99%|██████████████████████████▋| 186/188 [05:45<00:03,  1.51s/it]
Loss: 0.4429:  99%|██████████████████████████▋| 186/188 [05:47<00:03,  1.51s/it]
Loss: 0.4429:  99%|██████████████████████████▊| 187/188 [05:47<00:01,  1.51s/it]
Loss: 0.3603:  99%|██████████████████████████▊| 187/188 [05:48<00:01,  1.51s/it]
Loss: 0.3603: 100%|███████████████████████████| 188/188 [05:48<00:00,  1.31s/it]
Loss: 0.3603: 100%|███████████████████████████| 188/188 [05:50<00:00,  1.86s/it]
Epoch 2 Avg Loss: 0.3422
Saved Joint Model: runs/exp/UBFC-rPPG_SizeW128_SizeH128_ClipLength160_DataTypeDiffNormalized_DataAugNone_LabelTypeDiffNormalized_Crop_faceTrue_BackendHC_Large_boxTrue_Large_size1.5_Dyamic_DetFalse_det_len30_Median_face_boxFalse/./runs/exp/A/A1/_Joint_Epoch2.pth
==== Joint Validation ====

  0%|                                                    | 0/24 [00:00<?, ?it/s]
Val Loss: 0.4234:   0%|                                  | 0/24 [01:14<?, ?it/s]
Val Loss: 0.4234:   4%|█                         | 1/24 [01:14<28:27, 74.23s/it]
Val Loss: 0.3599:   4%|█                         | 1/24 [01:14<28:27, 74.23s/it]
Val Loss: 0.3599:   8%|██▏                       | 2/24 [01:14<11:20, 30.92s/it]
Val Loss: 0.3539:   8%|██▏                       | 2/24 [01:15<11:20, 30.92s/it]
Val Loss: 0.3539:  12%|███▎                      | 3/24 [01:15<05:58, 17.07s/it]
Val Loss: 0.5764:  12%|███▎                      | 3/24 [01:16<05:58, 17.07s/it]
Val Loss: 0.5764:  17%|████▎                     | 4/24 [01:16<03:31, 10.56s/it]
Val Loss: 0.5034:  17%|████▎                     | 4/24 [01:16<03:31, 10.56s/it]
Val Loss: 0.5034:  21%|█████▍                    | 5/24 [01:16<02:12,  6.97s/it]
Val Loss: 0.5864:  21%|█████▍                    | 5/24 [01:17<02:12,  6.97s/it]
Val Loss: 0.5864:  25%|██████▌                   | 6/24 [01:17<01:26,  4.80s/it]
Val Loss: 0.1608:  25%|██████▌                   | 6/24 [01:17<01:26,  4.80s/it]
Val Loss: 0.1608:  29%|███████▌                  | 7/24 [01:17<00:58,  3.43s/it]
Val Loss: 0.2240:  29%|███████▌                  | 7/24 [01:18<00:58,  3.43s/it]
Val Loss: 0.2240:  33%|████████▋                 | 8/24 [01:18<00:40,  2.53s/it]
Val Loss: 0.2705:  33%|████████▋                 | 8/24 [01:18<00:40,  2.53s/it]
Val Loss: 0.2705:  38%|█████████▊                | 9/24 [01:18<00:28,  1.92s/it]
Val Loss: 0.3005:  38%|█████████▊                | 9/24 [01:19<00:28,  1.92s/it]
Val Loss: 0.3005:  42%|██████████▍              | 10/24 [01:19<00:21,  1.51s/it]
Val Loss: 0.3776:  42%|██████████▍              | 10/24 [01:20<00:21,  1.51s/it]
Val Loss: 0.3776:  46%|███████████▍             | 11/24 [01:20<00:15,  1.23s/it]
Val Loss: 0.5119:  46%|███████████▍             | 11/24 [01:20<00:15,  1.23s/it]
Val Loss: 0.5119:  50%|████████████▌            | 12/24 [01:20<00:12,  1.04s/it]
Val Loss: 0.3535:  50%|████████████▌            | 12/24 [01:21<00:12,  1.04s/it]
Val Loss: 0.3535:  54%|█████████████▌           | 13/24 [01:21<00:09,  1.11it/s]
Val Loss: 0.3829:  54%|█████████████▌           | 13/24 [01:21<00:09,  1.11it/s]
Val Loss: 0.3829:  58%|██████████████▌          | 14/24 [01:21<00:08,  1.24it/s]
Val Loss: 0.3814:  58%|██████████████▌          | 14/24 [01:22<00:08,  1.24it/s]
Val Loss: 0.3814:  62%|███████████████▋         | 15/24 [01:22<00:06,  1.35it/s]
Val Loss: 0.3852:  62%|███████████████▋         | 15/24 [01:23<00:06,  1.35it/s]
Val Loss: 0.3852:  67%|████████████████▋        | 16/24 [01:23<00:05,  1.44it/s]
Val Loss: 0.4910:  67%|████████████████▋        | 16/24 [01:23<00:05,  1.44it/s]
Val Loss: 0.4910:  71%|█████████████████▋       | 17/24 [01:23<00:04,  1.51it/s]
Val Loss: 0.5365:  71%|█████████████████▋       | 17/24 [01:24<00:04,  1.51it/s]
Val Loss: 0.5365:  75%|██████████████████▊      | 18/24 [01:24<00:03,  1.56it/s]
Val Loss: 0.1901:  75%|██████████████████▊      | 18/24 [01:24<00:03,  1.56it/s]
Val Loss: 0.1901:  79%|███████████████████▊     | 19/24 [01:24<00:03,  1.60it/s]
Val Loss: 0.2436:  79%|███████████████████▊     | 19/24 [01:25<00:03,  1.60it/s]
Val Loss: 0.2436:  83%|████████████████████▊    | 20/24 [01:25<00:02,  1.64it/s]
Val Loss: 0.3062:  83%|████████████████████▊    | 20/24 [01:26<00:02,  1.64it/s]
Val Loss: 0.3062:  88%|█████████████████████▉   | 21/24 [01:26<00:01,  1.66it/s]
Val Loss: 0.3660:  88%|█████████████████████▉   | 21/24 [01:26<00:01,  1.66it/s]
Val Loss: 0.3660:  92%|██████████████████████▉  | 22/24 [01:26<00:01,  1.68it/s]
Val Loss: 0.4625:  92%|██████████████████████▉  | 22/24 [01:27<00:01,  1.68it/s]
Val Loss: 0.4625:  96%|███████████████████████▉ | 23/24 [01:27<00:00,  1.69it/s]
Val Loss: 0.5101:  96%|███████████████████████▉ | 23/24 [01:27<00:00,  1.69it/s]
Val Loss: 0.5101: 100%|█████████████████████████| 24/24 [01:27<00:00,  1.69it/s]
Val Loss: 0.5101: 100%|█████████████████████████| 24/24 [01:29<00:00,  3.73s/it]
Validation Average Loss: 0.3857
==== Joint Training Epoch: 3 ====

  0%|                                                   | 0/188 [00:00<?, ?it/s]
Loss: 0.2571:   0%|                                     | 0/188 [01:09<?, ?it/s]
Loss: 0.2571:   1%|▏                          | 1/188 [01:09<3:37:08, 69.67s/it]
Loss: 0.3696:   1%|▏                          | 1/188 [01:11<3:37:08, 69.67s/it]
Loss: 0.3696:   1%|▎                          | 2/188 [01:11<1:31:40, 29.57s/it]
Loss: 0.2741:   1%|▎                          | 2/188 [01:12<1:31:40, 29.57s/it]
Loss: 0.2741:   2%|▍                            | 3/188 [01:12<51:38, 16.75s/it]
Loss: 0.3496:   2%|▍                            | 3/188 [01:14<51:38, 16.75s/it]
Loss: 0.3496:   2%|▌                            | 4/188 [01:14<32:52, 10.72s/it]
Loss: 0.3666:   2%|▌                            | 4/188 [01:15<32:52, 10.72s/it]
Loss: 0.3666:   3%|▊                            | 5/188 [01:15<22:32,  7.39s/it]
Loss: 0.4016:   3%|▊                            | 5/188 [01:17<22:32,  7.39s/it]
Loss: 0.4016:   3%|▉                            | 6/188 [01:17<16:20,  5.38s/it]
Loss: 0.2164:   3%|▉                            | 6/188 [01:18<16:20,  5.38s/it]
Loss: 0.2164:   4%|█                            | 7/188 [01:18<12:24,  4.11s/it]
Loss: 0.3349:   4%|█                            | 7/188 [01:20<12:24,  4.11s/it]
Loss: 0.3349:   4%|█▏                           | 8/188 [01:20<09:50,  3.28s/it]
Loss: 0.2421:   4%|█▏                           | 8/188 [01:21<09:50,  3.28s/it]
Loss: 0.2421:   5%|█▍                           | 9/188 [01:21<08:05,  2.71s/it]
Loss: 0.3420:   5%|█▍                           | 9/188 [01:23<08:05,  2.71s/it]
Loss: 0.3420:   5%|█▍                          | 10/188 [01:23<06:55,  2.34s/it]
Loss: 0.2915:   5%|█▍                          | 10/188 [01:24<06:55,  2.34s/it]
Loss: 0.2915:   6%|█▋                          | 11/188 [01:24<06:07,  2.07s/it]
Loss: 0.3024:   6%|█▋                          | 11/188 [01:26<06:07,  2.07s/it]
Loss: 0.3024:   6%|█▊                          | 12/188 [01:26<05:33,  1.89s/it]
Loss: 0.3707:   6%|█▊                          | 12/188 [01:27<05:33,  1.89s/it]
Loss: 0.3707:   7%|█▉                          | 13/188 [01:27<05:09,  1.77s/it]
Loss: 0.1839:   7%|█▉                          | 13/188 [01:28<05:09,  1.77s/it]
Loss: 0.1839:   7%|██                          | 14/188 [01:28<04:52,  1.68s/it]
Loss: 0.2867:   7%|██                          | 14/188 [01:30<04:52,  1.68s/it]
Loss: 0.2867:   8%|██▏                         | 15/188 [01:30<04:40,  1.62s/it]
Loss: 0.2107:   8%|██▏                         | 15/188 [01:31<04:40,  1.62s/it]
Loss: 0.2107:   9%|██▍                         | 16/188 [01:31<04:31,  1.58s/it]
Loss: 0.4343:   9%|██▍                         | 16/188 [01:33<04:31,  1.58s/it]
Loss: 0.4343:   9%|██▌                         | 17/188 [01:33<04:24,  1.55s/it]
Loss: 0.2395:   9%|██▌                         | 17/188 [01:34<04:24,  1.55s/it]
Loss: 0.2395:  10%|██▋                         | 18/188 [01:34<04:19,  1.53s/it]
Loss: 0.4069:  10%|██▋                         | 18/188 [01:36<04:19,  1.53s/it]
Loss: 0.4069:  10%|██▊                         | 19/188 [01:36<04:15,  1.51s/it]
Loss: 0.3792:  10%|██▊                         | 19/188 [01:37<04:15,  1.51s/it]
Loss: 0.3792:  11%|██▉                         | 20/188 [01:37<04:11,  1.50s/it]
Loss: 0.2386:  11%|██▉                         | 20/188 [01:39<04:11,  1.50s/it]
Loss: 0.2386:  11%|███▏                        | 21/188 [01:39<04:09,  1.49s/it]
Loss: 0.2810:  11%|███▏                        | 21/188 [01:40<04:09,  1.49s/it]
Loss: 0.2810:  12%|███▎                        | 22/188 [01:40<04:06,  1.49s/it]
Loss: 0.4210:  12%|███▎                        | 22/188 [01:42<04:06,  1.49s/it]
Loss: 0.4210:  12%|███▍                        | 23/188 [01:42<04:04,  1.48s/it]
Loss: 0.4253:  12%|███▍                        | 23/188 [01:43<04:04,  1.48s/it]
Loss: 0.4253:  13%|███▌                        | 24/188 [01:43<04:02,  1.48s/it]
Loss: 0.2874:  13%|███▌                        | 24/188 [01:45<04:02,  1.48s/it]
Loss: 0.2874:  13%|███▋                        | 25/188 [01:45<04:01,  1.48s/it]
Loss: 0.3574:  13%|███▋                        | 25/188 [01:46<04:01,  1.48s/it]
Loss: 0.3574:  14%|███▊                        | 26/188 [01:46<04:00,  1.48s/it]
Loss: 0.2939:  14%|███▊                        | 26/188 [01:48<04:00,  1.48s/it]
Loss: 0.2939:  14%|████                        | 27/188 [01:48<03:59,  1.49s/it]
Loss: 0.3101:  14%|████                        | 27/188 [01:49<03:59,  1.49s/it]
Loss: 0.3101:  15%|████▏                       | 28/188 [01:49<03:57,  1.48s/it]
Loss: 0.3519:  15%|████▏                       | 28/188 [01:51<03:57,  1.48s/it]
Loss: 0.3519:  15%|████▎                       | 29/188 [01:51<03:55,  1.48s/it]
Loss: 0.3521:  15%|████▎                       | 29/188 [01:52<03:55,  1.48s/it]
Loss: 0.3521:  16%|████▍                       | 30/188 [01:52<03:53,  1.48s/it]
Loss: 0.2443:  16%|████▍                       | 30/188 [01:54<03:53,  1.48s/it]
Loss: 0.2443:  16%|████▌                       | 31/188 [01:54<03:52,  1.48s/it]
Loss: 0.2053:  16%|████▌                       | 31/188 [01:55<03:52,  1.48s/it]
Loss: 0.2053:  17%|████▊                       | 32/188 [01:55<03:50,  1.48s/it]
Loss: 0.2722:  17%|████▊                       | 32/188 [01:57<03:50,  1.48s/it]
Loss: 0.2722:  18%|████▉                       | 33/188 [01:57<03:49,  1.48s/it]
Loss: 0.3564:  18%|████▉                       | 33/188 [01:58<03:49,  1.48s/it]
Loss: 0.3564:  18%|█████                       | 34/188 [01:58<03:47,  1.48s/it]
Loss: 0.2569:  18%|█████                       | 34/188 [02:00<03:47,  1.48s/it]
Loss: 0.2569:  19%|█████▏                      | 35/188 [02:00<03:46,  1.48s/it]
Loss: 0.3884:  19%|█████▏                      | 35/188 [02:01<03:46,  1.48s/it]
Loss: 0.3884:  19%|█████▎                      | 36/188 [02:01<03:44,  1.48s/it]
Loss: 0.4148:  19%|█████▎                      | 36/188 [02:03<03:44,  1.48s/it]
Loss: 0.4148:  20%|█████▌                      | 37/188 [02:03<03:43,  1.48s/it]
Loss: 0.4788:  20%|█████▌                      | 37/188 [02:04<03:43,  1.48s/it]
Loss: 0.4788:  20%|█████▋                      | 38/188 [02:04<03:42,  1.48s/it]
Loss: 0.2433:  20%|█████▋                      | 38/188 [02:05<03:42,  1.48s/it]
Loss: 0.2433:  21%|█████▊                      | 39/188 [02:05<03:40,  1.48s/it]
Loss: 0.3411:  21%|█████▊                      | 39/188 [02:07<03:40,  1.48s/it]
Loss: 0.3411:  21%|█████▉                      | 40/188 [02:07<03:39,  1.48s/it]
Loss: 0.2679:  21%|█████▉                      | 40/188 [02:08<03:39,  1.48s/it]
Loss: 0.2679:  22%|██████                      | 41/188 [02:08<03:37,  1.48s/it]
Loss: 0.3466:  22%|██████                      | 41/188 [02:10<03:37,  1.48s/it]
Loss: 0.3466:  22%|██████▎                     | 42/188 [02:10<03:36,  1.48s/it]
Loss: 0.3473:  22%|██████▎                     | 42/188 [02:11<03:36,  1.48s/it]
Loss: 0.3473:  23%|██████▍                     | 43/188 [02:11<03:34,  1.48s/it]
Loss: 0.3351:  23%|██████▍                     | 43/188 [02:13<03:34,  1.48s/it]
Loss: 0.3351:  23%|██████▌                     | 44/188 [02:13<03:33,  1.48s/it]
Loss: 0.4042:  23%|██████▌                     | 44/188 [02:14<03:33,  1.48s/it]
Loss: 0.4042:  24%|██████▋                     | 45/188 [02:14<03:31,  1.48s/it]
Loss: 0.3337:  24%|██████▋                     | 45/188 [02:16<03:31,  1.48s/it]
Loss: 0.3337:  24%|██████▊                     | 46/188 [02:16<03:30,  1.48s/it]
Loss: 0.3061:  24%|██████▊                     | 46/188 [02:17<03:30,  1.48s/it]
Loss: 0.3061:  25%|███████                     | 47/188 [02:17<03:29,  1.49s/it]
Loss: 0.2498:  25%|███████                     | 47/188 [02:19<03:29,  1.49s/it]
Loss: 0.2498:  26%|███████▏                    | 48/188 [02:19<03:29,  1.50s/it]
Loss: 0.3485:  26%|███████▏                    | 48/188 [02:20<03:29,  1.50s/it]
Loss: 0.3485:  26%|███████▎                    | 49/188 [02:20<03:28,  1.50s/it]
Loss: 0.3103:  26%|███████▎                    | 49/188 [02:22<03:28,  1.50s/it]
Loss: 0.3103:  27%|███████▍                    | 50/188 [02:22<03:28,  1.51s/it]
Loss: 0.3309:  27%|███████▍                    | 50/188 [02:23<03:28,  1.51s/it]
Loss: 0.3309:  27%|███████▌                    | 51/188 [02:23<03:26,  1.51s/it]
Loss: 0.2533:  27%|███████▌                    | 51/188 [02:25<03:26,  1.51s/it]
Loss: 0.2533:  28%|███████▋                    | 52/188 [02:25<03:24,  1.51s/it]
Loss: 0.2931:  28%|███████▋                    | 52/188 [02:26<03:24,  1.51s/it]
Loss: 0.2931:  28%|███████▉                    | 53/188 [02:26<03:22,  1.50s/it]
Loss: 0.2486:  28%|███████▉                    | 53/188 [02:28<03:22,  1.50s/it]
Loss: 0.2486:  29%|████████                    | 54/188 [02:28<03:20,  1.50s/it]
Loss: 0.3117:  29%|████████                    | 54/188 [02:29<03:20,  1.50s/it]
Loss: 0.3117:  29%|████████▏                   | 55/188 [02:29<03:18,  1.49s/it]
Loss: 0.2207:  29%|████████▏                   | 55/188 [02:31<03:18,  1.49s/it]
Loss: 0.2207:  30%|████████▎                   | 56/188 [02:31<03:17,  1.49s/it]
Loss: 0.3093:  30%|████████▎                   | 56/188 [02:32<03:17,  1.49s/it]
Loss: 0.3093:  30%|████████▍                   | 57/188 [02:32<03:14,  1.49s/it]
Loss: 0.4116:  30%|████████▍                   | 57/188 [02:34<03:14,  1.49s/it]
Loss: 0.4116:  31%|████████▋                   | 58/188 [02:34<03:13,  1.49s/it]
Loss: 0.2912:  31%|████████▋                   | 58/188 [02:35<03:13,  1.49s/it]
Loss: 0.2912:  31%|████████▊                   | 59/188 [02:35<03:11,  1.48s/it]
Loss: 0.2628:  31%|████████▊                   | 59/188 [02:37<03:11,  1.48s/it]
Loss: 0.2628:  32%|████████▉                   | 60/188 [02:37<03:09,  1.48s/it]
Loss: 0.2965:  32%|████████▉                   | 60/188 [02:38<03:09,  1.48s/it]
Loss: 0.2965:  32%|█████████                   | 61/188 [02:38<03:08,  1.48s/it]
Loss: 0.2548:  32%|█████████                   | 61/188 [02:40<03:08,  1.48s/it]
Loss: 0.2548:  33%|█████████▏                  | 62/188 [02:40<03:06,  1.48s/it]
Loss: 0.2148:  33%|█████████▏                  | 62/188 [02:41<03:06,  1.48s/it]
Loss: 0.2148:  34%|█████████▍                  | 63/188 [02:41<03:05,  1.48s/it]
Loss: 0.3756:  34%|█████████▍                  | 63/188 [02:43<03:05,  1.48s/it]
Loss: 0.3756:  34%|█████████▌                  | 64/188 [02:43<03:03,  1.48s/it]
Loss: 0.2986:  34%|█████████▌                  | 64/188 [02:44<03:03,  1.48s/it]
Loss: 0.2986:  35%|█████████▋                  | 65/188 [02:44<03:02,  1.48s/it]
Loss: 0.2986:  35%|█████████▋                  | 65/188 [02:46<03:02,  1.48s/it]
Loss: 0.2986:  35%|█████████▊                  | 66/188 [02:46<03:00,  1.48s/it]
Loss: 0.2549:  35%|█████████▊                  | 66/188 [02:47<03:00,  1.48s/it]
Loss: 0.2549:  36%|█████████▉                  | 67/188 [02:47<02:58,  1.48s/it]
Loss: 0.2525:  36%|█████████▉                  | 67/188 [02:49<02:58,  1.48s/it]
Loss: 0.2525:  36%|██████████▏                 | 68/188 [02:49<02:57,  1.48s/it]
Loss: 0.4385:  36%|██████████▏                 | 68/188 [02:50<02:57,  1.48s/it]
Loss: 0.4385:  37%|██████████▎                 | 69/188 [02:50<02:56,  1.48s/it]
Loss: 0.2404:  37%|██████████▎                 | 69/188 [02:52<02:56,  1.48s/it]
Loss: 0.2404:  37%|██████████▍                 | 70/188 [02:52<02:54,  1.48s/it]
Loss: 0.2637:  37%|██████████▍                 | 70/188 [02:53<02:54,  1.48s/it]
Loss: 0.2637:  38%|██████████▌                 | 71/188 [02:53<02:53,  1.48s/it]
Loss: 0.2898:  38%|██████████▌                 | 71/188 [02:55<02:53,  1.48s/it]
Loss: 0.2898:  38%|██████████▋                 | 72/188 [02:55<02:51,  1.48s/it]
Loss: 0.2614:  38%|██████████▋                 | 72/188 [02:56<02:51,  1.48s/it]
Loss: 0.2614:  39%|██████████▊                 | 73/188 [02:56<02:50,  1.48s/it]
Loss: 0.3420:  39%|██████████▊                 | 73/188 [02:57<02:50,  1.48s/it]
Loss: 0.3420:  39%|███████████                 | 74/188 [02:57<02:48,  1.48s/it]
Loss: 0.3643:  39%|███████████                 | 74/188 [02:59<02:48,  1.48s/it]
Loss: 0.3643:  40%|███████████▏                | 75/188 [02:59<02:47,  1.48s/it]
Loss: 0.3181:  40%|███████████▏                | 75/188 [03:00<02:47,  1.48s/it]
Loss: 0.3181:  40%|███████████▎                | 76/188 [03:00<02:45,  1.48s/it]
Loss: 0.2776:  40%|███████████▎                | 76/188 [03:02<02:45,  1.48s/it]
Loss: 0.2776:  41%|███████████▍                | 77/188 [03:02<02:44,  1.48s/it]
Loss: 0.3748:  41%|███████████▍                | 77/188 [03:03<02:44,  1.48s/it]
Loss: 0.3748:  41%|███████████▌                | 78/188 [03:03<02:42,  1.48s/it]
Loss: 0.3108:  41%|███████████▌                | 78/188 [03:05<02:42,  1.48s/it]
Loss: 0.3108:  42%|███████████▊                | 79/188 [03:05<02:41,  1.48s/it]
Loss: 0.2722:  42%|███████████▊                | 79/188 [03:06<02:41,  1.48s/it]
Loss: 0.2722:  43%|███████████▉                | 80/188 [03:06<02:40,  1.49s/it]
Loss: 0.3489:  43%|███████████▉                | 80/188 [03:08<02:40,  1.49s/it]
Loss: 0.3489:  43%|████████████                | 81/188 [03:08<02:39,  1.49s/it]
Loss: 0.3165:  43%|████████████                | 81/188 [03:09<02:39,  1.49s/it]
Loss: 0.3165:  44%|████████████▏               | 82/188 [03:09<02:38,  1.49s/it]
Loss: 0.2819:  44%|████████████▏               | 82/188 [03:11<02:38,  1.49s/it]
Loss: 0.2819:  44%|████████████▎               | 83/188 [03:11<02:37,  1.50s/it]
Loss: 0.2871:  44%|████████████▎               | 83/188 [03:12<02:37,  1.50s/it]
Loss: 0.2871:  45%|████████████▌               | 84/188 [03:12<02:35,  1.50s/it]
Loss: 0.3128:  45%|████████████▌               | 84/188 [03:14<02:35,  1.50s/it]
Loss: 0.3128:  45%|████████████▋               | 85/188 [03:14<02:34,  1.50s/it]
Loss: 0.2553:  45%|████████████▋               | 85/188 [03:15<02:34,  1.50s/it]
Loss: 0.2553:  46%|████████████▊               | 86/188 [03:15<02:32,  1.49s/it]
Loss: 0.3580:  46%|████████████▊               | 86/188 [03:17<02:32,  1.49s/it]
Loss: 0.3580:  46%|████████████▉               | 87/188 [03:17<02:30,  1.49s/it]
Loss: 0.3158:  46%|████████████▉               | 87/188 [03:18<02:30,  1.49s/it]
Loss: 0.3158:  47%|█████████████               | 88/188 [03:18<02:28,  1.49s/it]
Loss: 0.3672:  47%|█████████████               | 88/188 [03:20<02:28,  1.49s/it]
Loss: 0.3672:  47%|█████████████▎              | 89/188 [03:20<02:27,  1.49s/it]
Loss: 0.2493:  47%|█████████████▎              | 89/188 [03:21<02:27,  1.49s/it]
Loss: 0.2493:  48%|█████████████▍              | 90/188 [03:21<02:25,  1.49s/it]
Loss: 0.2655:  48%|█████████████▍              | 90/188 [03:23<02:25,  1.49s/it]
Loss: 0.2655:  48%|█████████████▌              | 91/188 [03:23<02:24,  1.48s/it]
Loss: 0.3171:  48%|█████████████▌              | 91/188 [03:24<02:24,  1.48s/it]
Loss: 0.3171:  49%|█████████████▋              | 92/188 [03:24<02:22,  1.48s/it]
Loss: 0.3258:  49%|█████████████▋              | 92/188 [03:26<02:22,  1.48s/it]
Loss: 0.3258:  49%|█████████████▊              | 93/188 [03:26<02:20,  1.48s/it]
Loss: 0.3144:  49%|█████████████▊              | 93/188 [03:27<02:20,  1.48s/it]
Loss: 0.3144:  50%|██████████████              | 94/188 [03:27<02:19,  1.48s/it]
Loss: 0.4285:  50%|██████████████              | 94/188 [03:29<02:19,  1.48s/it]
Loss: 0.4285:  51%|██████████████▏             | 95/188 [03:29<02:17,  1.48s/it]
Loss: 0.3290:  51%|██████████████▏             | 95/188 [03:30<02:17,  1.48s/it]
Loss: 0.3290:  51%|██████████████▎             | 96/188 [03:30<02:16,  1.48s/it]
Loss: 0.3230:  51%|██████████████▎             | 96/188 [03:32<02:16,  1.48s/it]
Loss: 0.3230:  52%|██████████████▍             | 97/188 [03:32<02:14,  1.48s/it]
Loss: 0.2403:  52%|██████████████▍             | 97/188 [03:33<02:14,  1.48s/it]
Loss: 0.2403:  52%|██████████████▌             | 98/188 [03:33<02:13,  1.49s/it]
Loss: 0.3428:  52%|██████████████▌             | 98/188 [03:35<02:13,  1.49s/it]
Loss: 0.3428:  53%|██████████████▋             | 99/188 [03:35<02:12,  1.49s/it]
Loss: 0.3100:  53%|██████████████▋             | 99/188 [03:36<02:12,  1.49s/it]
Loss: 0.3100:  53%|██████████████▎            | 100/188 [03:36<02:10,  1.48s/it]
Loss: 0.3008:  53%|██████████████▎            | 100/188 [03:38<02:10,  1.48s/it]
Loss: 0.3008:  54%|██████████████▌            | 101/188 [03:38<02:09,  1.48s/it]
Loss: 0.2987:  54%|██████████████▌            | 101/188 [03:39<02:09,  1.48s/it]
Loss: 0.2987:  54%|██████████████▋            | 102/188 [03:39<02:07,  1.48s/it]
Loss: 0.3275:  54%|██████████████▋            | 102/188 [03:41<02:07,  1.48s/it]
Loss: 0.3275:  55%|██████████████▊            | 103/188 [03:41<02:06,  1.48s/it]
Loss: 0.2536:  55%|██████████████▊            | 103/188 [03:42<02:06,  1.48s/it]
Loss: 0.2536:  55%|██████████████▉            | 104/188 [03:42<02:04,  1.48s/it]
Loss: 0.2482:  55%|██████████████▉            | 104/188 [03:44<02:04,  1.48s/it]
Loss: 0.2482:  56%|███████████████            | 105/188 [03:44<02:03,  1.48s/it]
Loss: 0.3954:  56%|███████████████            | 105/188 [03:45<02:03,  1.48s/it]
Loss: 0.3954:  56%|███████████████▏           | 106/188 [03:45<02:01,  1.48s/it]
Loss: 0.3365:  56%|███████████████▏           | 106/188 [03:47<02:01,  1.48s/it]
Loss: 0.3365:  57%|███████████████▎           | 107/188 [03:47<01:59,  1.48s/it]
Loss: 0.3159:  57%|███████████████▎           | 107/188 [03:48<01:59,  1.48s/it]
Loss: 0.3159:  57%|███████████████▌           | 108/188 [03:48<01:58,  1.48s/it]
Loss: 0.2153:  57%|███████████████▌           | 108/188 [03:50<01:58,  1.48s/it]
Loss: 0.2153:  58%|███████████████▋           | 109/188 [03:50<01:57,  1.48s/it]
Loss: 0.3341:  58%|███████████████▋           | 109/188 [03:51<01:57,  1.48s/it]
Loss: 0.3341:  59%|███████████████▊           | 110/188 [03:51<01:55,  1.48s/it]
Loss: 0.3382:  59%|███████████████▊           | 110/188 [03:52<01:55,  1.48s/it]
Loss: 0.3382:  59%|███████████████▉           | 111/188 [03:52<01:54,  1.48s/it]
Loss: 0.2825:  59%|███████████████▉           | 111/188 [03:54<01:54,  1.48s/it]
Loss: 0.2825:  60%|████████████████           | 112/188 [03:54<01:52,  1.48s/it]
Loss: 0.3747:  60%|████████████████           | 112/188 [03:55<01:52,  1.48s/it]
Loss: 0.3747:  60%|████████████████▏          | 113/188 [03:55<01:51,  1.49s/it]
Loss: 0.3221:  60%|████████████████▏          | 113/188 [03:57<01:51,  1.49s/it]
Loss: 0.3221:  61%|████████████████▎          | 114/188 [03:57<01:50,  1.49s/it]
Loss: 0.2289:  61%|████████████████▎          | 114/188 [03:58<01:50,  1.49s/it]
Loss: 0.2289:  61%|████████████████▌          | 115/188 [03:58<01:49,  1.50s/it]
Loss: 0.2772:  61%|████████████████▌          | 115/188 [04:00<01:49,  1.50s/it]
Loss: 0.2772:  62%|████████████████▋          | 116/188 [04:00<01:48,  1.50s/it]
Loss: 0.2357:  62%|████████████████▋          | 116/188 [04:01<01:48,  1.50s/it]
Loss: 0.2357:  62%|████████████████▊          | 117/188 [04:01<01:46,  1.50s/it]
Loss: 0.3372:  62%|████████████████▊          | 117/188 [04:03<01:46,  1.50s/it]
Loss: 0.3372:  63%|████████████████▉          | 118/188 [04:03<01:45,  1.50s/it]
Loss: 0.3917:  63%|████████████████▉          | 118/188 [04:04<01:45,  1.50s/it]
Loss: 0.3917:  63%|█████████████████          | 119/188 [04:04<01:43,  1.50s/it]
Loss: 0.2952:  63%|█████████████████          | 119/188 [04:06<01:43,  1.50s/it]
Loss: 0.2952:  64%|█████████████████▏         | 120/188 [04:06<01:41,  1.49s/it]
Loss: 0.4309:  64%|█████████████████▏         | 120/188 [04:07<01:41,  1.49s/it]
Loss: 0.4309:  64%|█████████████████▍         | 121/188 [04:07<01:39,  1.49s/it]
Loss: 0.4386:  64%|█████████████████▍         | 121/188 [04:09<01:39,  1.49s/it]
Loss: 0.4386:  65%|█████████████████▌         | 122/188 [04:09<01:38,  1.49s/it]
Loss: 0.4343:  65%|█████████████████▌         | 122/188 [04:10<01:38,  1.49s/it]
Loss: 0.4343:  65%|█████████████████▋         | 123/188 [04:10<01:36,  1.49s/it]
Loss: 0.3154:  65%|█████████████████▋         | 123/188 [04:12<01:36,  1.49s/it]
Loss: 0.3154:  66%|█████████████████▊         | 124/188 [04:12<01:35,  1.49s/it]
Loss: 0.2767:  66%|█████████████████▊         | 124/188 [04:13<01:35,  1.49s/it]
Loss: 0.2767:  66%|█████████████████▉         | 125/188 [04:13<01:33,  1.49s/it]
Loss: 0.3351:  66%|█████████████████▉         | 125/188 [04:15<01:33,  1.49s/it]
Loss: 0.3351:  67%|██████████████████         | 126/188 [04:15<01:31,  1.48s/it]
Loss: 0.4027:  67%|██████████████████         | 126/188 [04:16<01:31,  1.48s/it]
Loss: 0.4027:  68%|██████████████████▏        | 127/188 [04:16<01:30,  1.48s/it]
Loss: 0.4494:  68%|██████████████████▏        | 127/188 [04:18<01:30,  1.48s/it]
Loss: 0.4494:  68%|██████████████████▍        | 128/188 [04:18<01:29,  1.48s/it]
Loss: 0.4723:  68%|██████████████████▍        | 128/188 [04:19<01:29,  1.48s/it]
Loss: 0.4723:  69%|██████████████████▌        | 129/188 [04:19<01:27,  1.49s/it]
Loss: 0.2643:  69%|██████████████████▌        | 129/188 [04:21<01:27,  1.49s/it]
Loss: 0.2643:  69%|██████████████████▋        | 130/188 [04:21<01:26,  1.49s/it]
Loss: 0.3357:  69%|██████████████████▋        | 130/188 [04:22<01:26,  1.49s/it]
Loss: 0.3357:  70%|██████████████████▊        | 131/188 [04:22<01:24,  1.49s/it]
Loss: 0.2435:  70%|██████████████████▊        | 131/188 [04:24<01:24,  1.49s/it]
Loss: 0.2435:  70%|██████████████████▉        | 132/188 [04:24<01:23,  1.49s/it]
Loss: 0.3706:  70%|██████████████████▉        | 132/188 [04:25<01:23,  1.49s/it]
Loss: 0.3706:  71%|███████████████████        | 133/188 [04:25<01:21,  1.49s/it]
Loss: 0.2307:  71%|███████████████████        | 133/188 [04:27<01:21,  1.49s/it]
Loss: 0.2307:  71%|███████████████████▏       | 134/188 [04:27<01:20,  1.49s/it]
Loss: 0.2527:  71%|███████████████████▏       | 134/188 [04:28<01:20,  1.49s/it]
Loss: 0.2527:  72%|███████████████████▍       | 135/188 [04:28<01:18,  1.49s/it]
Loss: 0.3317:  72%|███████████████████▍       | 135/188 [04:30<01:18,  1.49s/it]
Loss: 0.3317:  72%|███████████████████▌       | 136/188 [04:30<01:17,  1.48s/it]
Loss: 0.2722:  72%|███████████████████▌       | 136/188 [04:31<01:17,  1.48s/it]
Loss: 0.2722:  73%|███████████████████▋       | 137/188 [04:31<01:15,  1.48s/it]
Loss: 0.3308:  73%|███████████████████▋       | 137/188 [04:33<01:15,  1.48s/it]
Loss: 0.3308:  73%|███████████████████▊       | 138/188 [04:33<01:14,  1.48s/it]
Loss: 0.3590:  73%|███████████████████▊       | 138/188 [04:34<01:14,  1.48s/it]
Loss: 0.3590:  74%|███████████████████▉       | 139/188 [04:34<01:12,  1.48s/it]
Loss: 0.3832:  74%|███████████████████▉       | 139/188 [04:36<01:12,  1.48s/it]
Loss: 0.3832:  74%|████████████████████       | 140/188 [04:36<01:11,  1.48s/it]
Loss: 0.3582:  74%|████████████████████       | 140/188 [04:37<01:11,  1.48s/it]
Loss: 0.3582:  75%|████████████████████▎      | 141/188 [04:37<01:09,  1.48s/it]
Loss: 0.3251:  75%|████████████████████▎      | 141/188 [04:39<01:09,  1.48s/it]
Loss: 0.3251:  76%|████████████████████▍      | 142/188 [04:39<01:08,  1.48s/it]
Loss: 0.3928:  76%|████████████████████▍      | 142/188 [04:40<01:08,  1.48s/it]
Loss: 0.3928:  76%|████████████████████▌      | 143/188 [04:40<01:06,  1.49s/it]
Loss: 0.4159:  76%|████████████████████▌      | 143/188 [04:42<01:06,  1.49s/it]
Loss: 0.4159:  77%|████████████████████▋      | 144/188 [04:42<01:05,  1.48s/it]
Loss: 0.2343:  77%|████████████████████▋      | 144/188 [04:43<01:05,  1.48s/it]
Loss: 0.2343:  77%|████████████████████▊      | 145/188 [04:43<01:03,  1.48s/it]
Loss: 0.3003:  77%|████████████████████▊      | 145/188 [04:45<01:03,  1.48s/it]
Loss: 0.3003:  78%|████████████████████▉      | 146/188 [04:45<01:02,  1.49s/it]
Loss: 0.3313:  78%|████████████████████▉      | 146/188 [04:46<01:02,  1.49s/it]
Loss: 0.3313:  78%|█████████████████████      | 147/188 [04:46<01:01,  1.49s/it]
Loss: 0.3021:  78%|█████████████████████      | 147/188 [04:48<01:01,  1.49s/it]
Loss: 0.3021:  79%|█████████████████████▎     | 148/188 [04:48<00:59,  1.49s/it]
Loss: 0.3215:  79%|█████████████████████▎     | 148/188 [04:49<00:59,  1.49s/it]
Loss: 0.3215:  79%|█████████████████████▍     | 149/188 [04:49<00:58,  1.50s/it]
Loss: 0.3950:  79%|█████████████████████▍     | 149/188 [04:51<00:58,  1.50s/it]
Loss: 0.3950:  80%|█████████████████████▌     | 150/188 [04:51<00:57,  1.50s/it]
Loss: 0.3095:  80%|█████████████████████▌     | 150/188 [04:52<00:57,  1.50s/it]
Loss: 0.3095:  80%|█████████████████████▋     | 151/188 [04:52<00:55,  1.50s/it]
Loss: 0.2660:  80%|█████████████████████▋     | 151/188 [04:54<00:55,  1.50s/it]
Loss: 0.2660:  81%|█████████████████████▊     | 152/188 [04:54<00:53,  1.50s/it]
Loss: 0.2676:  81%|█████████████████████▊     | 152/188 [04:55<00:53,  1.50s/it]
Loss: 0.2676:  81%|█████████████████████▉     | 153/188 [04:55<00:52,  1.49s/it]
Loss: 0.3488:  81%|█████████████████████▉     | 153/188 [04:57<00:52,  1.49s/it]
Loss: 0.3488:  82%|██████████████████████     | 154/188 [04:57<00:50,  1.49s/it]
Loss: 0.3130:  82%|██████████████████████     | 154/188 [04:58<00:50,  1.49s/it]
Loss: 0.3130:  82%|██████████████████████▎    | 155/188 [04:58<00:49,  1.49s/it]
Loss: 0.3193:  82%|██████████████████████▎    | 155/188 [05:00<00:49,  1.49s/it]
Loss: 0.3193:  83%|██████████████████████▍    | 156/188 [05:00<00:47,  1.49s/it]
Loss: 0.3419:  83%|██████████████████████▍    | 156/188 [05:01<00:47,  1.49s/it]
Loss: 0.3419:  84%|██████████████████████▌    | 157/188 [05:01<00:46,  1.49s/it]
Loss: 0.3224:  84%|██████████████████████▌    | 157/188 [05:02<00:46,  1.49s/it]
Loss: 0.3224:  84%|██████████████████████▋    | 158/188 [05:02<00:44,  1.49s/it]
Loss: 0.2708:  84%|██████████████████████▋    | 158/188 [05:04<00:44,  1.49s/it]
Loss: 0.2708:  85%|██████████████████████▊    | 159/188 [05:04<00:43,  1.48s/it]
Loss: 0.2836:  85%|██████████████████████▊    | 159/188 [05:05<00:43,  1.48s/it]
Loss: 0.2836:  85%|██████████████████████▉    | 160/188 [05:05<00:41,  1.48s/it]
Loss: 0.4657:  85%|██████████████████████▉    | 160/188 [05:07<00:41,  1.48s/it]
Loss: 0.4657:  86%|███████████████████████    | 161/188 [05:07<00:40,  1.48s/it]
Loss: 0.2855:  86%|███████████████████████    | 161/188 [05:08<00:40,  1.48s/it]
Loss: 0.2855:  86%|███████████████████████▎   | 162/188 [05:08<00:38,  1.49s/it]
Loss: 0.3429:  86%|███████████████████████▎   | 162/188 [05:10<00:38,  1.49s/it]
Loss: 0.3429:  87%|███████████████████████▍   | 163/188 [05:10<00:37,  1.49s/it]
Loss: 0.3211:  87%|███████████████████████▍   | 163/188 [05:11<00:37,  1.49s/it]
Loss: 0.3211:  87%|███████████████████████▌   | 164/188 [05:11<00:35,  1.49s/it]
Loss: 0.4166:  87%|███████████████████████▌   | 164/188 [05:13<00:35,  1.49s/it]
Loss: 0.4166:  88%|███████████████████████▋   | 165/188 [05:13<00:34,  1.49s/it]
Loss: 0.4330:  88%|███████████████████████▋   | 165/188 [05:14<00:34,  1.49s/it]
Loss: 0.4330:  88%|███████████████████████▊   | 166/188 [05:14<00:32,  1.48s/it]
Loss: 0.3543:  88%|███████████████████████▊   | 166/188 [05:16<00:32,  1.48s/it]
Loss: 0.3543:  89%|███████████████████████▉   | 167/188 [05:16<00:31,  1.48s/it]
Loss: 0.3877:  89%|███████████████████████▉   | 167/188 [05:17<00:31,  1.48s/it]
Loss: 0.3877:  89%|████████████████████████▏  | 168/188 [05:17<00:29,  1.48s/it]
Loss: 0.2363:  89%|████████████████████████▏  | 168/188 [05:19<00:29,  1.48s/it]
Loss: 0.2363:  90%|████████████████████████▎  | 169/188 [05:19<00:28,  1.48s/it]
Loss: 0.2657:  90%|████████████████████████▎  | 169/188 [05:20<00:28,  1.48s/it]
Loss: 0.2657:  90%|████████████████████████▍  | 170/188 [05:20<00:26,  1.48s/it]
Loss: 0.2371:  90%|████████████████████████▍  | 170/188 [05:22<00:26,  1.48s/it]
Loss: 0.2371:  91%|████████████████████████▌  | 171/188 [05:22<00:25,  1.48s/it]
Loss: 0.2065:  91%|████████████████████████▌  | 171/188 [05:23<00:25,  1.48s/it]
Loss: 0.2065:  91%|████████████████████████▋  | 172/188 [05:23<00:23,  1.48s/it]
Loss: 0.2469:  91%|████████████████████████▋  | 172/188 [05:25<00:23,  1.48s/it]
Loss: 0.2469:  92%|████████████████████████▊  | 173/188 [05:25<00:22,  1.48s/it]
Loss: 0.2464:  92%|████████████████████████▊  | 173/188 [05:26<00:22,  1.48s/it]
Loss: 0.2464:  93%|████████████████████████▉  | 174/188 [05:26<00:20,  1.48s/it]
Loss: 0.3986:  93%|████████████████████████▉  | 174/188 [05:28<00:20,  1.48s/it]
Loss: 0.3986:  93%|█████████████████████████▏ | 175/188 [05:28<00:19,  1.48s/it]
Loss: 0.3660:  93%|█████████████████████████▏ | 175/188 [05:29<00:19,  1.48s/it]
Loss: 0.3660:  94%|█████████████████████████▎ | 176/188 [05:29<00:17,  1.48s/it]
Loss: 0.3574:  94%|█████████████████████████▎ | 176/188 [05:31<00:17,  1.48s/it]
Loss: 0.3574:  94%|█████████████████████████▍ | 177/188 [05:31<00:16,  1.48s/it]
Loss: 0.2661:  94%|█████████████████████████▍ | 177/188 [05:32<00:16,  1.48s/it]
Loss: 0.2661:  95%|█████████████████████████▌ | 178/188 [05:32<00:14,  1.48s/it]
Loss: 0.2298:  95%|█████████████████████████▌ | 178/188 [05:34<00:14,  1.48s/it]
Loss: 0.2298:  95%|█████████████████████████▋ | 179/188 [05:34<00:13,  1.49s/it]
Loss: 0.2650:  95%|█████████████████████████▋ | 179/188 [05:35<00:13,  1.49s/it]
Loss: 0.2650:  96%|█████████████████████████▊ | 180/188 [05:35<00:11,  1.49s/it]
Loss: 0.2563:  96%|█████████████████████████▊ | 180/188 [05:37<00:11,  1.49s/it]
Loss: 0.2563:  96%|█████████████████████████▉ | 181/188 [05:37<00:10,  1.50s/it]
Loss: 0.2826:  96%|█████████████████████████▉ | 181/188 [05:38<00:10,  1.50s/it]
Loss: 0.2826:  97%|██████████████████████████▏| 182/188 [05:38<00:08,  1.50s/it]
Loss: 0.4206:  97%|██████████████████████████▏| 182/188 [05:40<00:08,  1.50s/it]
Loss: 0.4206:  97%|██████████████████████████▎| 183/188 [05:40<00:07,  1.50s/it]
Loss: 0.2283:  97%|██████████████████████████▎| 183/188 [05:41<00:07,  1.50s/it]
Loss: 0.2283:  98%|██████████████████████████▍| 184/188 [05:41<00:05,  1.50s/it]
Loss: 0.2818:  98%|██████████████████████████▍| 184/188 [05:43<00:05,  1.50s/it]
Loss: 0.2818:  98%|██████████████████████████▌| 185/188 [05:43<00:04,  1.49s/it]
Loss: 0.2506:  98%|██████████████████████████▌| 185/188 [05:44<00:04,  1.49s/it]
Loss: 0.2506:  99%|██████████████████████████▋| 186/188 [05:44<00:02,  1.49s/it]
Loss: 0.3316:  99%|██████████████████████████▋| 186/188 [05:46<00:02,  1.49s/it]
Loss: 0.3316:  99%|██████████████████████████▊| 187/188 [05:46<00:01,  1.49s/it]
Loss: 0.2712:  99%|██████████████████████████▊| 187/188 [05:46<00:01,  1.49s/it]
Loss: 0.2712: 100%|███████████████████████████| 188/188 [05:46<00:00,  1.28s/it]
Loss: 0.2712: 100%|███████████████████████████| 188/188 [05:48<00:00,  1.86s/it]
Epoch 3 Avg Loss: 0.3158
Saved Joint Model: runs/exp/UBFC-rPPG_SizeW128_SizeH128_ClipLength160_DataTypeDiffNormalized_DataAugNone_LabelTypeDiffNormalized_Crop_faceTrue_BackendHC_Large_boxTrue_Large_size1.5_Dyamic_DetFalse_det_len30_Median_face_boxFalse/./runs/exp/A/A1/_Joint_Epoch3.pth
==== Joint Validation ====

  0%|                                                    | 0/24 [00:00<?, ?it/s]
Val Loss: 0.5153:   0%|                                  | 0/24 [01:14<?, ?it/s]
Val Loss: 0.5153:   4%|█                         | 1/24 [01:14<28:26, 74.19s/it]
Val Loss: 0.4479:   4%|█                         | 1/24 [01:14<28:26, 74.19s/it]
Val Loss: 0.4479:   8%|██▏                       | 2/24 [01:14<11:19, 30.90s/it]
Val Loss: 0.3820:   8%|██▏                       | 2/24 [01:15<11:19, 30.90s/it]
Val Loss: 0.3820:  12%|███▎                      | 3/24 [01:15<05:58, 17.07s/it]
Val Loss: 0.6359:  12%|███▎                      | 3/24 [01:15<05:58, 17.07s/it]
Val Loss: 0.6359:  17%|████▎                     | 4/24 [01:15<03:31, 10.57s/it]
Val Loss: 0.5780:  17%|████▎                     | 4/24 [01:16<03:31, 10.57s/it]
Val Loss: 0.5780:  21%|█████▍                    | 5/24 [01:16<02:12,  6.97s/it]
Val Loss: 0.6451:  21%|█████▍                    | 5/24 [01:17<02:12,  6.97s/it]
Val Loss: 0.6451:  25%|██████▌                   | 6/24 [01:17<01:26,  4.80s/it]
Val Loss: 0.2370:  25%|██████▌                   | 6/24 [01:17<01:26,  4.80s/it]
Val Loss: 0.2370:  29%|███████▌                  | 7/24 [01:17<00:58,  3.42s/it]
Val Loss: 0.2879:  29%|███████▌                  | 7/24 [01:18<00:58,  3.42s/it]
Val Loss: 0.2879:  33%|████████▋                 | 8/24 [01:18<00:40,  2.52s/it]
Val Loss: 0.2962:  33%|████████▋                 | 8/24 [01:18<00:40,  2.52s/it]
Val Loss: 0.2962:  38%|█████████▊                | 9/24 [01:18<00:28,  1.92s/it]
Val Loss: 0.3516:  38%|█████████▊                | 9/24 [01:19<00:28,  1.92s/it]
Val Loss: 0.3516:  42%|██████████▍              | 10/24 [01:19<00:21,  1.51s/it]
Val Loss: 0.4316:  42%|██████████▍              | 10/24 [01:20<00:21,  1.51s/it]
Val Loss: 0.4316:  46%|███████████▍             | 11/24 [01:20<00:15,  1.23s/it]
Val Loss: 0.5384:  46%|███████████▍             | 11/24 [01:20<00:15,  1.23s/it]
Val Loss: 0.5384:  50%|████████████▌            | 12/24 [01:20<00:12,  1.04s/it]
Val Loss: 0.2805:  50%|████████████▌            | 12/24 [01:21<00:12,  1.04s/it]
Val Loss: 0.2805:  54%|█████████████▌           | 13/24 [01:21<00:09,  1.11it/s]
Val Loss: 0.3131:  54%|█████████████▌           | 13/24 [01:21<00:09,  1.11it/s]
Val Loss: 0.3131:  58%|██████████████▌          | 14/24 [01:21<00:08,  1.24it/s]
Val Loss: 0.3133:  58%|██████████████▌          | 14/24 [01:22<00:08,  1.24it/s]
Val Loss: 0.3133:  62%|███████████████▋         | 15/24 [01:22<00:06,  1.35it/s]
Val Loss: 0.3626:  62%|███████████████▋         | 15/24 [01:23<00:06,  1.35it/s]
Val Loss: 0.3626:  67%|████████████████▋        | 16/24 [01:23<00:05,  1.44it/s]
Val Loss: 0.4624:  67%|████████████████▋        | 16/24 [01:23<00:05,  1.44it/s]
Val Loss: 0.4624:  71%|█████████████████▋       | 17/24 [01:23<00:04,  1.51it/s]
Val Loss: 0.5097:  71%|█████████████████▋       | 17/24 [01:24<00:04,  1.51it/s]
Val Loss: 0.5097:  75%|██████████████████▊      | 18/24 [01:24<00:03,  1.57it/s]
Val Loss: 0.2087:  75%|██████████████████▊      | 18/24 [01:24<00:03,  1.57it/s]
Val Loss: 0.2087:  79%|███████████████████▊     | 19/24 [01:24<00:03,  1.59it/s]
Val Loss: 0.2689:  79%|███████████████████▊     | 19/24 [01:25<00:03,  1.59it/s]
Val Loss: 0.2689:  83%|████████████████████▊    | 20/24 [01:25<00:02,  1.61it/s]
Val Loss: 0.3042:  83%|████████████████████▊    | 20/24 [01:26<00:02,  1.61it/s]
Val Loss: 0.3042:  88%|█████████████████████▉   | 21/24 [01:26<00:01,  1.65it/s]
Val Loss: 0.3395:  88%|█████████████████████▉   | 21/24 [01:26<00:01,  1.65it/s]
Val Loss: 0.3395:  92%|██████████████████████▉  | 22/24 [01:26<00:01,  1.66it/s]
Val Loss: 0.4194:  92%|██████████████████████▉  | 22/24 [01:27<00:01,  1.66it/s]
Val Loss: 0.4194:  96%|███████████████████████▉ | 23/24 [01:27<00:00,  1.67it/s]
Val Loss: 0.4746:  96%|███████████████████████▉ | 23/24 [01:27<00:00,  1.67it/s]
Val Loss: 0.4746: 100%|█████████████████████████| 24/24 [01:27<00:00,  1.69it/s]
Val Loss: 0.4746: 100%|█████████████████████████| 24/24 [01:29<00:00,  3.73s/it]
Validation Average Loss: 0.4002
==== Joint Training Epoch: 4 ====

  0%|                                                   | 0/188 [00:00<?, ?it/s]
Loss: 0.4481:   0%|                                     | 0/188 [01:08<?, ?it/s]
Loss: 0.4481:   1%|▏                          | 1/188 [01:08<3:34:30, 68.83s/it]
Loss: 0.3205:   1%|▏                          | 1/188 [01:10<3:34:30, 68.83s/it]
Loss: 0.3205:   1%|▎                          | 2/188 [01:10<1:30:32, 29.21s/it]
Loss: 0.2952:   1%|▎                          | 2/188 [01:11<1:30:32, 29.21s/it]
Loss: 0.2952:   2%|▍                            | 3/188 [01:11<51:01, 16.55s/it]
Loss: 0.2990:   2%|▍                            | 3/188 [01:13<51:01, 16.55s/it]
Loss: 0.2990:   2%|▌                            | 4/188 [01:13<32:29, 10.60s/it]
Loss: 0.2540:   2%|▌                            | 4/188 [01:14<32:29, 10.60s/it]
Loss: 0.2540:   3%|▊                            | 5/188 [01:14<22:16,  7.31s/it]
Loss: 0.3316:   3%|▊                            | 5/188 [01:16<22:16,  7.31s/it]
Loss: 0.3316:   3%|▉                            | 6/188 [01:16<16:10,  5.33s/it]
Loss: 0.4095:   3%|▉                            | 6/188 [01:17<16:10,  5.33s/it]
Loss: 0.4095:   4%|█                            | 7/188 [01:17<12:17,  4.08s/it]
Loss: 0.3881:   4%|█                            | 7/188 [01:19<12:17,  4.08s/it]
Loss: 0.3881:   4%|█▏                           | 8/188 [01:19<09:44,  3.25s/it]
Loss: 0.2924:   4%|█▏                           | 8/188 [01:20<09:44,  3.25s/it]
Loss: 0.2924:   5%|█▍                           | 9/188 [01:20<08:02,  2.70s/it]
Loss: 0.2987:   5%|█▍                           | 9/188 [01:22<08:02,  2.70s/it]
Loss: 0.2987:   5%|█▍                          | 10/188 [01:22<06:53,  2.32s/it]
Loss: 0.2203:   5%|█▍                          | 10/188 [01:23<06:53,  2.32s/it]
Loss: 0.2203:   6%|█▋                          | 11/188 [01:23<06:05,  2.06s/it]
Loss: 0.2850:   6%|█▋                          | 11/188 [01:25<06:05,  2.06s/it]
Loss: 0.2850:   6%|█▊                          | 12/188 [01:25<05:31,  1.88s/it]
Loss: 0.3589:   6%|█▊                          | 12/188 [01:26<05:31,  1.88s/it]
Loss: 0.3589:   7%|█▉                          | 13/188 [01:26<05:07,  1.76s/it]
Loss: 0.3616:   7%|█▉                          | 13/188 [01:28<05:07,  1.76s/it]
Loss: 0.3616:   7%|██                          | 14/188 [01:28<04:51,  1.67s/it]
Loss: 0.3293:   7%|██                          | 14/188 [01:29<04:51,  1.67s/it]
Loss: 0.3293:   8%|██▏                         | 15/188 [01:29<04:39,  1.61s/it]
Loss: 0.2206:   8%|██▏                         | 15/188 [01:31<04:39,  1.61s/it]
Loss: 0.2206:   9%|██▍                         | 16/188 [01:31<04:30,  1.57s/it]
Loss: 0.2807:   9%|██▍                         | 16/188 [01:32<04:30,  1.57s/it]
Loss: 0.2807:   9%|██▌                         | 17/188 [01:32<04:24,  1.55s/it]
Loss: 0.2868:   9%|██▌                         | 17/188 [01:33<04:24,  1.55s/it]
Loss: 0.2868:  10%|██▋                         | 18/188 [01:33<04:19,  1.53s/it]
Loss: 0.2696:  10%|██▋                         | 18/188 [01:35<04:19,  1.53s/it]
Loss: 0.2696:  10%|██▊                         | 19/188 [01:35<04:16,  1.52s/it]
Loss: 0.2456:  10%|██▊                         | 19/188 [01:36<04:16,  1.52s/it]
Loss: 0.2456:  11%|██▉                         | 20/188 [01:36<04:13,  1.51s/it]
Loss: 0.2212:  11%|██▉                         | 20/188 [01:38<04:13,  1.51s/it]
Loss: 0.2212:  11%|███▏                        | 21/188 [01:38<04:10,  1.50s/it]
Loss: 0.3172:  11%|███▏                        | 21/188 [01:39<04:10,  1.50s/it]
Loss: 0.3172:  12%|███▎                        | 22/188 [01:39<04:07,  1.49s/it]
Loss: 0.3587:  12%|███▎                        | 22/188 [01:41<04:07,  1.49s/it]
Loss: 0.3587:  12%|███▍                        | 23/188 [01:41<04:05,  1.49s/it]
Loss: 0.4004:  12%|███▍                        | 23/188 [01:42<04:05,  1.49s/it]
Loss: 0.4004:  13%|███▌                        | 24/188 [01:42<04:05,  1.49s/it]
Loss: 0.2757:  13%|███▌                        | 24/188 [01:44<04:05,  1.49s/it]
Loss: 0.2757:  13%|███▋                        | 25/188 [01:44<04:03,  1.49s/it]
Loss: 0.4228:  13%|███▋                        | 25/188 [01:45<04:03,  1.49s/it]
Loss: 0.4228:  14%|███▊                        | 26/188 [01:45<04:01,  1.49s/it]
Loss: 0.2468:  14%|███▊                        | 26/188 [01:47<04:01,  1.49s/it]
Loss: 0.2468:  14%|████                        | 27/188 [01:47<03:59,  1.49s/it]
Loss: 0.2387:  14%|████                        | 27/188 [01:48<03:59,  1.49s/it]
Loss: 0.2387:  15%|████▏                       | 28/188 [01:48<03:57,  1.49s/it]
Loss: 0.3339:  15%|████▏                       | 28/188 [01:50<03:57,  1.49s/it]
Loss: 0.3339:  15%|████▎                       | 29/188 [01:50<03:56,  1.49s/it]
Loss: 0.2903:  15%|████▎                       | 29/188 [01:51<03:56,  1.49s/it]
Loss: 0.2903:  16%|████▍                       | 30/188 [01:51<03:54,  1.48s/it]
Loss: 0.2190:  16%|████▍                       | 30/188 [01:53<03:54,  1.48s/it]
Loss: 0.2190:  16%|████▌                       | 31/188 [01:53<03:53,  1.48s/it]
Loss: 0.2553:  16%|████▌                       | 31/188 [01:54<03:53,  1.48s/it]
Loss: 0.2553:  17%|████▊                       | 32/188 [01:54<03:52,  1.49s/it]
Loss: 0.3565:  17%|████▊                       | 32/188 [01:56<03:52,  1.49s/it]
Loss: 0.3565:  18%|████▉                       | 33/188 [01:56<03:51,  1.49s/it]
Loss: 0.3349:  18%|████▉                       | 33/188 [01:57<03:51,  1.49s/it]
Loss: 0.3349:  18%|█████                       | 34/188 [01:57<03:49,  1.49s/it]
Loss: 0.2574:  18%|█████                       | 34/188 [01:59<03:49,  1.49s/it]
Loss: 0.2574:  19%|█████▏                      | 35/188 [01:59<03:47,  1.48s/it]
Loss: 0.3364:  19%|█████▏                      | 35/188 [02:00<03:47,  1.48s/it]
Loss: 0.3364:  19%|█████▎                      | 36/188 [02:00<03:45,  1.48s/it]
Loss: 0.2502:  19%|█████▎                      | 36/188 [02:02<03:45,  1.48s/it]
Loss: 0.2502:  20%|█████▌                      | 37/188 [02:02<03:43,  1.48s/it]
Loss: 0.3494:  20%|█████▌                      | 37/188 [02:03<03:43,  1.48s/it]
Loss: 0.3494:  20%|█████▋                      | 38/188 [02:03<03:42,  1.48s/it]
Loss: 0.2652:  20%|█████▋                      | 38/188 [02:05<03:42,  1.48s/it]
Loss: 0.2652:  21%|█████▊                      | 39/188 [02:05<03:40,  1.48s/it]
Loss: 0.2263:  21%|█████▊                      | 39/188 [02:06<03:40,  1.48s/it]
Loss: 0.2263:  21%|█████▉                      | 40/188 [02:06<03:39,  1.48s/it]
Loss: 0.3458:  21%|█████▉                      | 40/188 [02:08<03:39,  1.48s/it]
Loss: 0.3458:  22%|██████                      | 41/188 [02:08<03:38,  1.48s/it]
Loss: 0.3519:  22%|██████                      | 41/188 [02:09<03:38,  1.48s/it]
Loss: 0.3519:  22%|██████▎                     | 42/188 [02:09<03:36,  1.49s/it]
Loss: 0.2103:  22%|██████▎                     | 42/188 [02:11<03:36,  1.49s/it]
Loss: 0.2103:  23%|██████▍                     | 43/188 [02:11<03:35,  1.48s/it]
Loss: 0.2857:  23%|██████▍                     | 43/188 [02:12<03:35,  1.48s/it]
Loss: 0.2857:  23%|██████▌                     | 44/188 [02:12<03:33,  1.48s/it]
Loss: 0.3097:  23%|██████▌                     | 44/188 [02:14<03:33,  1.48s/it]
Loss: 0.3097:  24%|██████▋                     | 45/188 [02:14<03:33,  1.49s/it]
Loss: 0.3931:  24%|██████▋                     | 45/188 [02:15<03:33,  1.49s/it]
Loss: 0.3931:  24%|██████▊                     | 46/188 [02:15<03:32,  1.50s/it]
Loss: 0.1773:  24%|██████▊                     | 46/188 [02:17<03:32,  1.50s/it]
Loss: 0.1773:  25%|███████                     | 47/188 [02:17<03:32,  1.50s/it]
Loss: 0.2836:  25%|███████                     | 47/188 [02:18<03:32,  1.50s/it]
Loss: 0.2836:  26%|███████▏                    | 48/188 [02:18<03:31,  1.51s/it]
Loss: 0.3229:  26%|███████▏                    | 48/188 [02:20<03:31,  1.51s/it]
Loss: 0.3229:  26%|███████▎                    | 49/188 [02:20<03:30,  1.51s/it]
Loss: 0.3339:  26%|███████▎                    | 49/188 [02:21<03:30,  1.51s/it]
Loss: 0.3339:  27%|███████▍                    | 50/188 [02:21<03:28,  1.51s/it]
Loss: 0.2919:  27%|███████▍                    | 50/188 [02:23<03:28,  1.51s/it]
Loss: 0.2919:  27%|███████▌                    | 51/188 [02:23<03:27,  1.52s/it]
Loss: 0.4326:  27%|███████▌                    | 51/188 [02:24<03:27,  1.52s/it]
Loss: 0.4326:  28%|███████▋                    | 52/188 [02:24<03:26,  1.52s/it]
Loss: 0.4381:  28%|███████▋                    | 52/188 [02:26<03:26,  1.52s/it]
Loss: 0.4381:  28%|███████▉                    | 53/188 [02:26<03:24,  1.51s/it]
Loss: 0.2226:  28%|███████▉                    | 53/188 [02:27<03:24,  1.51s/it]
Loss: 0.2226:  29%|████████                    | 54/188 [02:27<03:22,  1.51s/it]
Loss: 0.2080:  29%|████████                    | 54/188 [02:29<03:22,  1.51s/it]
Loss: 0.2080:  29%|████████▏                   | 55/188 [02:29<03:19,  1.50s/it]
Loss: 0.3672:  29%|████████▏                   | 55/188 [02:30<03:19,  1.50s/it]
Loss: 0.3672:  30%|████████▎                   | 56/188 [02:30<03:17,  1.50s/it]
Loss: 0.2925:  30%|████████▎                   | 56/188 [02:32<03:17,  1.50s/it]
Loss: 0.2925:  30%|████████▍                   | 57/188 [02:32<03:15,  1.49s/it]
Loss: 0.3893:  30%|████████▍                   | 57/188 [02:33<03:15,  1.49s/it]
Loss: 0.3893:  31%|████████▋                   | 58/188 [02:33<03:14,  1.49s/it]
Loss: 0.2997:  31%|████████▋                   | 58/188 [02:35<03:14,  1.49s/it]
Loss: 0.2997:  31%|████████▊                   | 59/188 [02:35<03:12,  1.49s/it]
Loss: 0.3072:  31%|████████▊                   | 59/188 [02:36<03:12,  1.49s/it]
Loss: 0.3072:  32%|████████▉                   | 60/188 [02:36<03:11,  1.50s/it]
Loss: 0.3696:  32%|████████▉                   | 60/188 [02:38<03:11,  1.50s/it]
Loss: 0.3696:  32%|█████████                   | 61/188 [02:38<03:11,  1.50s/it]
Loss: 0.4357:  32%|█████████                   | 61/188 [02:39<03:11,  1.50s/it]
Loss: 0.4357:  33%|█████████▏                  | 62/188 [02:39<03:10,  1.51s/it]
Loss: 0.4096:  33%|█████████▏                  | 62/188 [02:41<03:10,  1.51s/it]
Loss: 0.4096:  34%|█████████▍                  | 63/188 [02:41<03:08,  1.51s/it]
Loss: 0.3776:  34%|█████████▍                  | 63/188 [02:42<03:08,  1.51s/it]
Loss: 0.3776:  34%|█████████▌                  | 64/188 [02:42<03:07,  1.51s/it]
Loss: 0.3720:  34%|█████████▌                  | 64/188 [02:44<03:07,  1.51s/it]
Loss: 0.3720:  35%|█████████▋                  | 65/188 [02:44<03:06,  1.51s/it]
Loss: 0.3534:  35%|█████████▋                  | 65/188 [02:45<03:06,  1.51s/it]
Loss: 0.3534:  35%|█████████▊                  | 66/188 [02:45<03:04,  1.51s/it]
Loss: 0.1927:  35%|█████████▊                  | 66/188 [02:47<03:04,  1.51s/it]
Loss: 0.1927:  36%|█████████▉                  | 67/188 [02:47<03:02,  1.51s/it]
Loss: 0.3941:  36%|█████████▉                  | 67/188 [02:48<03:02,  1.51s/it]
Loss: 0.3941:  36%|██████████▏                 | 68/188 [02:48<03:00,  1.50s/it]
Loss: 0.4029:  36%|██████████▏                 | 68/188 [02:50<03:00,  1.50s/it]
Loss: 0.4029:  37%|██████████▎                 | 69/188 [02:50<02:58,  1.50s/it]
Loss: 0.2858:  37%|██████████▎                 | 69/188 [02:51<02:58,  1.50s/it]
Loss: 0.2858:  37%|██████████▍                 | 70/188 [02:51<02:57,  1.50s/it]
Loss: 0.2466:  37%|██████████▍                 | 70/188 [02:53<02:57,  1.50s/it]
Loss: 0.2466:  38%|██████████▌                 | 71/188 [02:53<02:55,  1.50s/it]
Loss: 0.3073:  38%|██████████▌                 | 71/188 [02:54<02:55,  1.50s/it]
Loss: 0.3073:  38%|██████████▋                 | 72/188 [02:54<02:54,  1.50s/it]
Loss: 0.3390:  38%|██████████▋                 | 72/188 [02:56<02:54,  1.50s/it]
Loss: 0.3390:  39%|██████████▊                 | 73/188 [02:56<02:52,  1.50s/it]
Loss: 0.4387:  39%|██████████▊                 | 73/188 [02:57<02:52,  1.50s/it]
Loss: 0.4387:  39%|███████████                 | 74/188 [02:57<02:50,  1.49s/it]
Loss: 0.2978:  39%|███████████                 | 74/188 [02:59<02:50,  1.49s/it]
Loss: 0.2978:  40%|███████████▏                | 75/188 [02:59<02:48,  1.49s/it]
Loss: 0.2947:  40%|███████████▏                | 75/188 [03:00<02:48,  1.49s/it]
Loss: 0.2947:  40%|███████████▎                | 76/188 [03:00<02:46,  1.49s/it]
Loss: 0.2973:  40%|███████████▎                | 76/188 [03:02<02:46,  1.49s/it]
Loss: 0.2973:  41%|███████████▍                | 77/188 [03:02<02:45,  1.49s/it]
Loss: 0.3284:  41%|███████████▍                | 77/188 [03:03<02:45,  1.49s/it]
Loss: 0.3284:  41%|███████████▌                | 78/188 [03:03<02:44,  1.49s/it]
Loss: 0.4582:  41%|███████████▌                | 78/188 [03:05<02:44,  1.49s/it]
Loss: 0.4582:  42%|███████████▊                | 79/188 [03:05<02:43,  1.50s/it]
Loss: 0.3008:  42%|███████████▊                | 79/188 [03:06<02:43,  1.50s/it]
Loss: 0.3008:  43%|███████████▉                | 80/188 [03:06<02:42,  1.51s/it]
Loss: 0.3050:  43%|███████████▉                | 80/188 [03:08<02:42,  1.51s/it]
Loss: 0.3050:  43%|████████████                | 81/188 [03:08<02:41,  1.51s/it]
Loss: 0.4104:  43%|████████████                | 81/188 [03:09<02:41,  1.51s/it]
Loss: 0.4104:  44%|████████████▏               | 82/188 [03:09<02:40,  1.51s/it]
Loss: 0.3513:  44%|████████████▏               | 82/188 [03:11<02:40,  1.51s/it]
Loss: 0.3513:  44%|████████████▎               | 83/188 [03:11<02:38,  1.51s/it]
Loss: 0.3238:  44%|████████████▎               | 83/188 [03:12<02:38,  1.51s/it]
Loss: 0.3238:  45%|████████████▌               | 84/188 [03:12<02:37,  1.52s/it]
Loss: 0.3916:  45%|████████████▌               | 84/188 [03:14<02:37,  1.52s/it]
Loss: 0.3916:  45%|████████████▋               | 85/188 [03:14<02:36,  1.52s/it]
Loss: 0.3638:  45%|████████████▋               | 85/188 [03:15<02:36,  1.52s/it]
Loss: 0.3638:  46%|████████████▊               | 86/188 [03:15<02:34,  1.51s/it]
Loss: 0.3381:  46%|████████████▊               | 86/188 [03:17<02:34,  1.51s/it]
Loss: 0.3381:  46%|████████████▉               | 87/188 [03:17<02:32,  1.51s/it]
Loss: 0.2453:  46%|████████████▉               | 87/188 [03:18<02:32,  1.51s/it]
Loss: 0.2453:  47%|█████████████               | 88/188 [03:18<02:30,  1.51s/it]
Loss: 0.3435:  47%|█████████████               | 88/188 [03:20<02:30,  1.51s/it]
Loss: 0.3435:  47%|█████████████▎              | 89/188 [03:20<02:28,  1.50s/it]
Loss: 0.3530:  47%|█████████████▎              | 89/188 [03:21<02:28,  1.50s/it]
Loss: 0.3530:  48%|█████████████▍              | 90/188 [03:21<02:26,  1.50s/it]
Loss: 0.3714:  48%|█████████████▍              | 90/188 [03:23<02:26,  1.50s/it]
Loss: 0.3714:  48%|█████████████▌              | 91/188 [03:23<02:25,  1.50s/it]
Loss: 0.2800:  48%|█████████████▌              | 91/188 [03:24<02:25,  1.50s/it]
Loss: 0.2800:  49%|█████████████▋              | 92/188 [03:24<02:23,  1.50s/it]
Loss: 0.3406:  49%|█████████████▋              | 92/188 [03:26<02:23,  1.50s/it]
Loss: 0.3406:  49%|█████████████▊              | 93/188 [03:26<02:22,  1.50s/it]
Loss: 0.2506:  49%|█████████████▊              | 93/188 [03:27<02:22,  1.50s/it]
Loss: 0.2506:  50%|██████████████              | 94/188 [03:27<02:21,  1.51s/it]
Loss: 0.3587:  50%|██████████████              | 94/188 [03:29<02:21,  1.51s/it]
Loss: 0.3587:  51%|██████████████▏             | 95/188 [03:29<02:20,  1.51s/it]
Loss: 0.3669:  51%|██████████████▏             | 95/188 [03:30<02:20,  1.51s/it]
Loss: 0.3669:  51%|██████████████▎             | 96/188 [03:30<02:19,  1.51s/it]
Loss: 0.3039:  51%|██████████████▎             | 96/188 [03:32<02:19,  1.51s/it]
Loss: 0.3039:  52%|██████████████▍             | 97/188 [03:32<02:17,  1.52s/it]
Loss: 0.3512:  52%|██████████████▍             | 97/188 [03:33<02:17,  1.52s/it]
Loss: 0.3512:  52%|██████████████▌             | 98/188 [03:33<02:16,  1.52s/it]
Loss: 0.2461:  52%|██████████████▌             | 98/188 [03:35<02:16,  1.52s/it]
Loss: 0.2461:  53%|██████████████▋             | 99/188 [03:35<02:14,  1.51s/it]
Loss: 0.2855:  53%|██████████████▋             | 99/188 [03:36<02:14,  1.51s/it]
Loss: 0.2855:  53%|██████████████▎            | 100/188 [03:36<02:12,  1.51s/it]
Loss: 0.2185:  53%|██████████████▎            | 100/188 [03:38<02:12,  1.51s/it]
Loss: 0.2185:  54%|██████████████▌            | 101/188 [03:38<02:10,  1.50s/it]
Loss: 0.3915:  54%|██████████████▌            | 101/188 [03:39<02:10,  1.50s/it]
Loss: 0.3915:  54%|██████████████▋            | 102/188 [03:39<02:09,  1.50s/it]
Loss: 0.4315:  54%|██████████████▋            | 102/188 [03:41<02:09,  1.50s/it]
Loss: 0.4315:  55%|██████████████▊            | 103/188 [03:41<02:07,  1.50s/it]
Loss: 0.3370:  55%|██████████████▊            | 103/188 [03:42<02:07,  1.50s/it]
Loss: 0.3370:  55%|██████████████▉            | 104/188 [03:42<02:05,  1.50s/it]
Loss: 0.3340:  55%|██████████████▉            | 104/188 [03:44<02:05,  1.50s/it]
Loss: 0.3340:  56%|███████████████            | 105/188 [03:44<02:04,  1.50s/it]
Loss: 0.2868:  56%|███████████████            | 105/188 [03:45<02:04,  1.50s/it]
Loss: 0.2868:  56%|███████████████▏           | 106/188 [03:45<02:02,  1.50s/it]
Loss: 0.2264:  56%|███████████████▏           | 106/188 [03:47<02:02,  1.50s/it]
Loss: 0.2264:  57%|███████████████▎           | 107/188 [03:47<02:01,  1.50s/it]
Loss: 0.3467:  57%|███████████████▎           | 107/188 [03:48<02:01,  1.50s/it]
Loss: 0.3467:  57%|███████████████▌           | 108/188 [03:48<01:59,  1.49s/it]
Loss: 0.3413:  57%|███████████████▌           | 108/188 [03:50<01:59,  1.49s/it]
Loss: 0.3413:  58%|███████████████▋           | 109/188 [03:50<01:57,  1.49s/it]
Loss: 0.4278:  58%|███████████████▋           | 109/188 [03:51<01:57,  1.49s/it]
Loss: 0.4278:  59%|███████████████▊           | 110/188 [03:51<01:56,  1.49s/it]
Loss: 0.3082:  59%|███████████████▊           | 110/188 [03:53<01:56,  1.49s/it]
Loss: 0.3082:  59%|███████████████▉           | 111/188 [03:53<01:54,  1.49s/it]
Loss: 0.3062:  59%|███████████████▉           | 111/188 [03:54<01:54,  1.49s/it]
Loss: 0.3062:  60%|████████████████           | 112/188 [03:54<01:54,  1.50s/it]
Loss: 0.2683:  60%|████████████████           | 112/188 [03:56<01:54,  1.50s/it]
Loss: 0.2683:  60%|████████████████▏          | 113/188 [03:56<01:53,  1.51s/it]
Loss: 0.2481:  60%|████████████████▏          | 113/188 [03:57<01:53,  1.51s/it]
Loss: 0.2481:  61%|████████████████▎          | 114/188 [03:57<01:52,  1.51s/it]
Loss: 0.2582:  61%|████████████████▎          | 114/188 [03:59<01:52,  1.51s/it]
Loss: 0.2582:  61%|████████████████▌          | 115/188 [03:59<01:50,  1.52s/it]
Loss: 0.3136:  61%|████████████████▌          | 115/188 [04:00<01:50,  1.52s/it]
Loss: 0.3136:  62%|████████████████▋          | 116/188 [04:00<01:49,  1.52s/it]
Loss: 0.2854:  62%|████████████████▋          | 116/188 [04:02<01:49,  1.52s/it]
Loss: 0.2854:  62%|████████████████▊          | 117/188 [04:02<01:47,  1.52s/it]
Loss: 0.2945:  62%|████████████████▊          | 117/188 [04:04<01:47,  1.52s/it]
Loss: 0.2945:  63%|████████████████▉          | 118/188 [04:04<01:46,  1.52s/it]
Loss: 0.2540:  63%|████████████████▉          | 118/188 [04:05<01:46,  1.52s/it]
Loss: 0.2540:  63%|█████████████████          | 119/188 [04:05<01:44,  1.52s/it]
Loss: 0.3259:  63%|█████████████████          | 119/188 [04:07<01:44,  1.52s/it]
Loss: 0.3259:  64%|█████████████████▏         | 120/188 [04:07<01:42,  1.51s/it]
Loss: 0.2205:  64%|█████████████████▏         | 120/188 [04:08<01:42,  1.51s/it]
Loss: 0.2205:  64%|█████████████████▍         | 121/188 [04:08<01:41,  1.51s/it]
Loss: 0.2615:  64%|█████████████████▍         | 121/188 [04:10<01:41,  1.51s/it]
Loss: 0.2615:  65%|█████████████████▌         | 122/188 [04:10<01:39,  1.50s/it]
Loss: 0.3428:  65%|█████████████████▌         | 122/188 [04:11<01:39,  1.50s/it]
Loss: 0.3428:  65%|█████████████████▋         | 123/188 [04:11<01:37,  1.50s/it]
Loss: 0.3574:  65%|█████████████████▋         | 123/188 [04:13<01:37,  1.50s/it]
Loss: 0.3574:  66%|█████████████████▊         | 124/188 [04:13<01:35,  1.50s/it]
Loss: 0.4878:  66%|█████████████████▊         | 124/188 [04:14<01:35,  1.50s/it]
Loss: 0.4878:  66%|█████████████████▉         | 125/188 [04:14<01:34,  1.50s/it]
Loss: 0.3318:  66%|█████████████████▉         | 125/188 [04:16<01:34,  1.50s/it]
Loss: 0.3318:  67%|██████████████████         | 126/188 [04:16<01:33,  1.50s/it]
Loss: 0.2172:  67%|██████████████████         | 126/188 [04:17<01:33,  1.50s/it]
Loss: 0.2172:  68%|██████████████████▏        | 127/188 [04:17<01:31,  1.51s/it]
Loss: 0.2920:  68%|██████████████████▏        | 127/188 [04:19<01:31,  1.51s/it]
Loss: 0.2920:  68%|██████████████████▍        | 128/188 [04:19<01:30,  1.51s/it]
Loss: 0.3617:  68%|██████████████████▍        | 128/188 [04:20<01:30,  1.51s/it]
Loss: 0.3617:  69%|██████████████████▌        | 129/188 [04:20<01:29,  1.51s/it]
Loss: 0.4005:  69%|██████████████████▌        | 129/188 [04:22<01:29,  1.51s/it]
Loss: 0.4005:  69%|██████████████████▋        | 130/188 [04:22<01:27,  1.51s/it]
Loss: 0.3370:  69%|██████████████████▋        | 130/188 [04:23<01:27,  1.51s/it]
Loss: 0.3370:  70%|██████████████████▊        | 131/188 [04:23<01:26,  1.52s/it]
Loss: 0.2778:  70%|██████████████████▊        | 131/188 [04:25<01:26,  1.52s/it]
Loss: 0.2778:  70%|██████████████████▉        | 132/188 [04:25<01:24,  1.51s/it]
Loss: 0.2270:  70%|██████████████████▉        | 132/188 [04:26<01:24,  1.51s/it]
Loss: 0.2270:  71%|███████████████████        | 133/188 [04:26<01:22,  1.51s/it]
Loss: 0.2875:  71%|███████████████████        | 133/188 [04:28<01:22,  1.51s/it]
Loss: 0.2875:  71%|███████████████████▏       | 134/188 [04:28<01:21,  1.51s/it]
Loss: 0.2242:  71%|███████████████████▏       | 134/188 [04:29<01:21,  1.51s/it]
Loss: 0.2242:  72%|███████████████████▍       | 135/188 [04:29<01:19,  1.50s/it]
Loss: 0.2614:  72%|███████████████████▍       | 135/188 [04:31<01:19,  1.50s/it]
Loss: 0.2614:  72%|███████████████████▌       | 136/188 [04:31<01:18,  1.50s/it]
Loss: 0.2811:  72%|███████████████████▌       | 136/188 [04:32<01:18,  1.50s/it]
Loss: 0.2811:  73%|███████████████████▋       | 137/188 [04:32<01:16,  1.50s/it]
Loss: 0.1487:  73%|███████████████████▋       | 137/188 [04:34<01:16,  1.50s/it]
Loss: 0.1487:  73%|███████████████████▊       | 138/188 [04:34<01:14,  1.50s/it]
Loss: 0.3704:  73%|███████████████████▊       | 138/188 [04:35<01:14,  1.50s/it]
Loss: 0.3704:  74%|███████████████████▉       | 139/188 [04:35<01:13,  1.50s/it]
Loss: 0.2802:  74%|███████████████████▉       | 139/188 [04:37<01:13,  1.50s/it]
Loss: 0.2802:  74%|████████████████████       | 140/188 [04:37<01:11,  1.50s/it]
Loss: 0.3355:  74%|████████████████████       | 140/188 [04:38<01:11,  1.50s/it]
Loss: 0.3355:  75%|████████████████████▎      | 141/188 [04:38<01:10,  1.50s/it]
Loss: 0.1879:  75%|████████████████████▎      | 141/188 [04:40<01:10,  1.50s/it]
Loss: 0.1879:  76%|████████████████████▍      | 142/188 [04:40<01:08,  1.50s/it]
Loss: 0.2155:  76%|████████████████████▍      | 142/188 [04:41<01:08,  1.50s/it]
Loss: 0.2155:  76%|████████████████████▌      | 143/188 [04:41<01:07,  1.49s/it]
Loss: 0.2462:  76%|████████████████████▌      | 143/188 [04:43<01:07,  1.49s/it]
Loss: 0.2462:  77%|████████████████████▋      | 144/188 [04:43<01:05,  1.50s/it]
Loss: 0.2248:  77%|████████████████████▋      | 144/188 [04:44<01:05,  1.50s/it]
Loss: 0.2248:  77%|████████████████████▊      | 145/188 [04:44<01:04,  1.50s/it]
Loss: 0.5088:  77%|████████████████████▊      | 145/188 [04:46<01:04,  1.50s/it]
Loss: 0.5088:  78%|████████████████████▉      | 146/188 [04:46<01:03,  1.51s/it]
Loss: 0.2957:  78%|████████████████████▉      | 146/188 [04:47<01:03,  1.51s/it]
Loss: 0.2957:  78%|█████████████████████      | 147/188 [04:47<01:01,  1.51s/it]
Loss: 0.2672:  78%|█████████████████████      | 147/188 [04:49<01:01,  1.51s/it]
Loss: 0.2672:  79%|█████████████████████▎     | 148/188 [04:49<01:00,  1.51s/it]
Loss: 0.3790:  79%|█████████████████████▎     | 148/188 [04:50<01:00,  1.51s/it]
Loss: 0.3790:  79%|█████████████████████▍     | 149/188 [04:50<00:58,  1.51s/it]
Loss: 0.3171:  79%|█████████████████████▍     | 149/188 [04:52<00:58,  1.51s/it]
Loss: 0.3171:  80%|█████████████████████▌     | 150/188 [04:52<00:57,  1.51s/it]
Loss: 0.2360:  80%|█████████████████████▌     | 150/188 [04:53<00:57,  1.51s/it]
Loss: 0.2360:  80%|█████████████████████▋     | 151/188 [04:53<00:55,  1.51s/it]
Loss: 0.3007:  80%|█████████████████████▋     | 151/188 [04:55<00:55,  1.51s/it]
Loss: 0.3007:  81%|█████████████████████▊     | 152/188 [04:55<00:54,  1.51s/it]
Loss: 0.3871:  81%|█████████████████████▊     | 152/188 [04:56<00:54,  1.51s/it]
Loss: 0.3871:  81%|█████████████████████▉     | 153/188 [04:56<00:52,  1.50s/it]
Loss: 0.2652:  81%|█████████████████████▉     | 153/188 [04:58<00:52,  1.50s/it]
Loss: 0.2652:  82%|██████████████████████     | 154/188 [04:58<00:50,  1.50s/it]
Loss: 0.2912:  82%|██████████████████████     | 154/188 [04:59<00:50,  1.50s/it]
Loss: 0.2912:  82%|██████████████████████▎    | 155/188 [04:59<00:49,  1.50s/it]
Loss: 0.3624:  82%|██████████████████████▎    | 155/188 [05:01<00:49,  1.50s/it]
Loss: 0.3624:  83%|██████████████████████▍    | 156/188 [05:01<00:47,  1.50s/it]
Loss: 0.3156:  83%|██████████████████████▍    | 156/188 [05:02<00:47,  1.50s/it]
Loss: 0.3156:  84%|██████████████████████▌    | 157/188 [05:02<00:46,  1.49s/it]
Loss: 0.2835:  84%|██████████████████████▌    | 157/188 [05:04<00:46,  1.49s/it]
Loss: 0.2835:  84%|██████████████████████▋    | 158/188 [05:04<00:44,  1.49s/it]
Loss: 0.2863:  84%|██████████████████████▋    | 158/188 [05:05<00:44,  1.49s/it]
Loss: 0.2863:  85%|██████████████████████▊    | 159/188 [05:05<00:43,  1.49s/it]
Loss: 0.4002:  85%|██████████████████████▊    | 159/188 [05:07<00:43,  1.49s/it]
Loss: 0.4002:  85%|██████████████████████▉    | 160/188 [05:07<00:41,  1.50s/it]
Loss: 0.2878:  85%|██████████████████████▉    | 160/188 [05:08<00:41,  1.50s/it]
Loss: 0.2878:  86%|███████████████████████    | 161/188 [05:08<00:40,  1.50s/it]
Loss: 0.2109:  86%|███████████████████████    | 161/188 [05:10<00:40,  1.50s/it]
Loss: 0.2109:  86%|███████████████████████▎   | 162/188 [05:10<00:39,  1.50s/it]
Loss: 0.2745:  86%|███████████████████████▎   | 162/188 [05:11<00:39,  1.50s/it]
Loss: 0.2745:  87%|███████████████████████▍   | 163/188 [05:11<00:37,  1.50s/it]
Loss: 0.1743:  87%|███████████████████████▍   | 163/188 [05:13<00:37,  1.50s/it]
Loss: 0.1743:  87%|███████████████████████▌   | 164/188 [05:13<00:36,  1.50s/it]
Loss: 0.3172:  87%|███████████████████████▌   | 164/188 [05:14<00:36,  1.50s/it]
Loss: 0.3172:  88%|███████████████████████▋   | 165/188 [05:14<00:34,  1.50s/it]
Loss: 0.3051:  88%|███████████████████████▋   | 165/188 [05:16<00:34,  1.50s/it]
Loss: 0.3051:  88%|███████████████████████▊   | 166/188 [05:16<00:32,  1.50s/it]
Loss: 0.2112:  88%|███████████████████████▊   | 166/188 [05:17<00:32,  1.50s/it]
Loss: 0.2112:  89%|███████████████████████▉   | 167/188 [05:17<00:31,  1.49s/it]
Loss: 0.4014:  89%|███████████████████████▉   | 167/188 [05:19<00:31,  1.49s/it]
Loss: 0.4014:  89%|████████████████████████▏  | 168/188 [05:19<00:29,  1.49s/it]
Loss: 0.2981:  89%|████████████████████████▏  | 168/188 [05:20<00:29,  1.49s/it]
Loss: 0.2981:  90%|████████████████████████▎  | 169/188 [05:20<00:28,  1.49s/it]
Loss: 0.3303:  90%|████████████████████████▎  | 169/188 [05:22<00:28,  1.49s/it]
Loss: 0.3303:  90%|████████████████████████▍  | 170/188 [05:22<00:26,  1.49s/it]
Loss: 0.2923:  90%|████████████████████████▍  | 170/188 [05:23<00:26,  1.49s/it]
Loss: 0.2923:  91%|████████████████████████▌  | 171/188 [05:23<00:25,  1.49s/it]
Loss: 0.2622:  91%|████████████████████████▌  | 171/188 [05:25<00:25,  1.49s/it]
Loss: 0.2622:  91%|████████████████████████▋  | 172/188 [05:25<00:23,  1.49s/it]
Loss: 0.3597:  91%|████████████████████████▋  | 172/188 [05:26<00:23,  1.49s/it]
Loss: 0.3597:  92%|████████████████████████▊  | 173/188 [05:26<00:22,  1.49s/it]
Loss: 0.2724:  92%|████████████████████████▊  | 173/188 [05:28<00:22,  1.49s/it]
Loss: 0.2724:  93%|████████████████████████▉  | 174/188 [05:28<00:20,  1.49s/it]
Loss: 0.3002:  93%|████████████████████████▉  | 174/188 [05:29<00:20,  1.49s/it]
Loss: 0.3002:  93%|█████████████████████████▏ | 175/188 [05:29<00:19,  1.49s/it]
Loss: 0.3190:  93%|█████████████████████████▏ | 175/188 [05:31<00:19,  1.49s/it]
Loss: 0.3190:  94%|█████████████████████████▎ | 176/188 [05:31<00:17,  1.49s/it]
Loss: 0.1829:  94%|█████████████████████████▎ | 176/188 [05:32<00:17,  1.49s/it]
Loss: 0.1829:  94%|█████████████████████████▍ | 177/188 [05:32<00:16,  1.49s/it]
Loss: 0.2441:  94%|█████████████████████████▍ | 177/188 [05:34<00:16,  1.49s/it]
Loss: 0.2441:  95%|█████████████████████████▌ | 178/188 [05:34<00:14,  1.49s/it]
Loss: 0.2888:  95%|█████████████████████████▌ | 178/188 [05:35<00:14,  1.49s/it]
Loss: 0.2888:  95%|█████████████████████████▋ | 179/188 [05:35<00:13,  1.50s/it]
Loss: 0.3273:  95%|█████████████████████████▋ | 179/188 [05:37<00:13,  1.50s/it]
Loss: 0.3273:  96%|█████████████████████████▊ | 180/188 [05:37<00:12,  1.50s/it]
Loss: 0.2437:  96%|█████████████████████████▊ | 180/188 [05:38<00:12,  1.50s/it]
Loss: 0.2437:  96%|█████████████████████████▉ | 181/188 [05:38<00:10,  1.51s/it]
Loss: 0.2676:  96%|█████████████████████████▉ | 181/188 [05:40<00:10,  1.51s/it]
Loss: 0.2676:  97%|██████████████████████████▏| 182/188 [05:40<00:09,  1.51s/it]
Loss: 0.3141:  97%|██████████████████████████▏| 182/188 [05:41<00:09,  1.51s/it]
Loss: 0.3141:  97%|██████████████████████████▎| 183/188 [05:41<00:07,  1.50s/it]
Loss: 0.3072:  97%|██████████████████████████▎| 183/188 [05:43<00:07,  1.50s/it]
Loss: 0.3072:  98%|██████████████████████████▍| 184/188 [05:43<00:06,  1.50s/it]
Loss: 0.3175:  98%|██████████████████████████▍| 184/188 [05:44<00:06,  1.50s/it]
Loss: 0.3175:  98%|██████████████████████████▌| 185/188 [05:44<00:04,  1.50s/it]
Loss: 0.3234:  98%|██████████████████████████▌| 185/188 [05:46<00:04,  1.50s/it]
Loss: 0.3234:  99%|██████████████████████████▋| 186/188 [05:46<00:02,  1.49s/it]
Loss: 0.3121:  99%|██████████████████████████▋| 186/188 [05:47<00:02,  1.49s/it]
Loss: 0.3121:  99%|██████████████████████████▊| 187/188 [05:47<00:01,  1.49s/it]
Loss: 0.2899:  99%|██████████████████████████▊| 187/188 [05:48<00:01,  1.49s/it]
Loss: 0.2899: 100%|███████████████████████████| 188/188 [05:48<00:00,  1.28s/it]
Loss: 0.2899: 100%|███████████████████████████| 188/188 [05:50<00:00,  1.86s/it]
Epoch 4 Avg Loss: 0.3096
Saved Joint Model: runs/exp/UBFC-rPPG_SizeW128_SizeH128_ClipLength160_DataTypeDiffNormalized_DataAugNone_LabelTypeDiffNormalized_Crop_faceTrue_BackendHC_Large_boxTrue_Large_size1.5_Dyamic_DetFalse_det_len30_Median_face_boxFalse/./runs/exp/A/A1/_Joint_Epoch4.pth
==== Joint Validation ====

  0%|                                                    | 0/24 [00:00<?, ?it/s]
Val Loss: 0.4470:   0%|                                  | 0/24 [01:16<?, ?it/s]
Val Loss: 0.4470:   4%|█                         | 1/24 [01:16<29:15, 76.32s/it]
Val Loss: 0.3739:   4%|█                         | 1/24 [01:16<29:15, 76.32s/it]
Val Loss: 0.3739:   8%|██▏                       | 2/24 [01:16<11:39, 31.77s/it]
Val Loss: 0.3683:   8%|██▏                       | 2/24 [01:17<11:39, 31.77s/it]
Val Loss: 0.3683:  12%|███▎                      | 3/24 [01:17<06:08, 17.55s/it]
Val Loss: 0.5835:  12%|███▎                      | 3/24 [01:18<06:08, 17.55s/it]
Val Loss: 0.5835:  17%|████▎                     | 4/24 [01:18<03:37, 10.86s/it]
Val Loss: 0.5872:  17%|████▎                     | 4/24 [01:18<03:37, 10.86s/it]
Val Loss: 0.5872:  21%|█████▍                    | 5/24 [01:18<02:15,  7.16s/it]
Val Loss: 0.6782:  21%|█████▍                    | 5/24 [01:19<02:15,  7.16s/it]
Val Loss: 0.6782:  25%|██████▌                   | 6/24 [01:19<01:28,  4.93s/it]
Val Loss: 0.1536:  25%|██████▌                   | 6/24 [01:19<01:28,  4.93s/it]
Val Loss: 0.1536:  29%|███████▌                  | 7/24 [01:19<00:59,  3.52s/it]
Val Loss: 0.2139:  29%|███████▌                  | 7/24 [01:20<00:59,  3.52s/it]
Val Loss: 0.2139:  33%|████████▋                 | 8/24 [01:20<00:41,  2.60s/it]
Val Loss: 0.2540:  33%|████████▋                 | 8/24 [01:21<00:41,  2.60s/it]
Val Loss: 0.2540:  38%|█████████▊                | 9/24 [01:21<00:29,  1.97s/it]
Val Loss: 0.3430:  38%|█████████▊                | 9/24 [01:21<00:29,  1.97s/it]
Val Loss: 0.3430:  42%|██████████▍              | 10/24 [01:21<00:21,  1.54s/it]
Val Loss: 0.4110:  42%|██████████▍              | 10/24 [01:22<00:21,  1.54s/it]
Val Loss: 0.4110:  46%|███████████▍             | 11/24 [01:22<00:16,  1.25s/it]
Val Loss: 0.4775:  46%|███████████▍             | 11/24 [01:22<00:16,  1.25s/it]
Val Loss: 0.4775:  50%|████████████▌            | 12/24 [01:22<00:12,  1.06s/it]
Val Loss: 0.2674:  50%|████████████▌            | 12/24 [01:23<00:12,  1.06s/it]
Val Loss: 0.2674:  54%|█████████████▌           | 13/24 [01:23<00:10,  1.08it/s]
Val Loss: 0.3414:  54%|█████████████▌           | 13/24 [01:24<00:10,  1.08it/s]
Val Loss: 0.3414:  58%|██████████████▌          | 14/24 [01:24<00:08,  1.22it/s]
Val Loss: 0.3615:  58%|██████████████▌          | 14/24 [01:24<00:08,  1.22it/s]
Val Loss: 0.3615:  62%|███████████████▋         | 15/24 [01:24<00:06,  1.33it/s]
Val Loss: 0.3846:  62%|███████████████▋         | 15/24 [01:25<00:06,  1.33it/s]
Val Loss: 0.3846:  67%|████████████████▋        | 16/24 [01:25<00:05,  1.43it/s]
Val Loss: 0.4821:  67%|████████████████▋        | 16/24 [01:25<00:05,  1.43it/s]
Val Loss: 0.4821:  71%|█████████████████▋       | 17/24 [01:25<00:04,  1.50it/s]
Val Loss: 0.5540:  71%|█████████████████▋       | 17/24 [01:26<00:04,  1.50it/s]
Val Loss: 0.5540:  75%|██████████████████▊      | 18/24 [01:26<00:03,  1.55it/s]
Val Loss: 0.1762:  75%|██████████████████▊      | 18/24 [01:27<00:03,  1.55it/s]
Val Loss: 0.1762:  79%|███████████████████▊     | 19/24 [01:27<00:03,  1.56it/s]
Val Loss: 0.2194:  79%|███████████████████▊     | 19/24 [01:27<00:03,  1.56it/s]
Val Loss: 0.2194:  83%|████████████████████▊    | 20/24 [01:27<00:02,  1.58it/s]
Val Loss: 0.2927:  83%|████████████████████▊    | 20/24 [01:28<00:02,  1.58it/s]
Val Loss: 0.2927:  88%|█████████████████████▉   | 21/24 [01:28<00:01,  1.62it/s]
Val Loss: 0.3156:  88%|█████████████████████▉   | 21/24 [01:28<00:01,  1.62it/s]
Val Loss: 0.3156:  92%|██████████████████████▉  | 22/24 [01:28<00:01,  1.64it/s]
Val Loss: 0.3603:  92%|██████████████████████▉  | 22/24 [01:29<00:01,  1.64it/s]
Val Loss: 0.3603:  96%|███████████████████████▉ | 23/24 [01:29<00:00,  1.66it/s]
Val Loss: 0.4093:  96%|███████████████████████▉ | 23/24 [01:30<00:00,  1.66it/s]
Val Loss: 0.4093: 100%|█████████████████████████| 24/24 [01:30<00:00,  1.68it/s]
Val Loss: 0.4093: 100%|█████████████████████████| 24/24 [01:32<00:00,  3.83s/it]
Validation Average Loss: 0.3773
==== Joint Training Epoch: 5 ====

  0%|                                                   | 0/188 [00:00<?, ?it/s]
Loss: 0.2662:   0%|                                     | 0/188 [01:09<?, ?it/s]
Loss: 0.2662:   1%|▏                          | 1/188 [01:09<3:35:59, 69.30s/it]
Loss: 0.2849:   1%|▏                          | 1/188 [01:10<3:35:59, 69.30s/it]
Loss: 0.2849:   1%|▎                          | 2/188 [01:10<1:31:09, 29.41s/it]
Loss: 0.2999:   1%|▎                          | 2/188 [01:12<1:31:09, 29.41s/it]
Loss: 0.2999:   2%|▍                            | 3/188 [01:12<51:21, 16.66s/it]
Loss: 0.3220:   2%|▍                            | 3/188 [01:13<51:21, 16.66s/it]
Loss: 0.3220:   2%|▌                            | 4/188 [01:13<32:42, 10.66s/it]
Loss: 0.2594:   2%|▌                            | 4/188 [01:15<32:42, 10.66s/it]
Loss: 0.2594:   3%|▊                            | 5/188 [01:15<22:25,  7.35s/it]
Loss: 0.2699:   3%|▊                            | 5/188 [01:16<22:25,  7.35s/it]
Loss: 0.2699:   3%|▉                            | 6/188 [01:16<16:14,  5.36s/it]
Loss: 0.3148:   3%|▉                            | 6/188 [01:18<16:14,  5.36s/it]
Loss: 0.3148:   4%|█                            | 7/188 [01:18<12:20,  4.09s/it]
Loss: 0.2553:   4%|█                            | 7/188 [01:19<12:20,  4.09s/it]
Loss: 0.2553:   4%|█▏                           | 8/188 [01:19<09:46,  3.26s/it]
Loss: 0.3170:   4%|█▏                           | 8/188 [01:21<09:46,  3.26s/it]
Loss: 0.3170:   5%|█▍                           | 9/188 [01:21<08:04,  2.71s/it]
Loss: 0.2169:   5%|█▍                           | 9/188 [01:22<08:04,  2.71s/it]
Loss: 0.2169:   5%|█▍                          | 10/188 [01:22<06:54,  2.33s/it]
Loss: 0.3613:   5%|█▍                          | 10/188 [01:24<06:54,  2.33s/it]
Loss: 0.3613:   6%|█▋                          | 11/188 [01:24<06:06,  2.07s/it]
Loss: 0.3104:   6%|█▋                          | 11/188 [01:25<06:06,  2.07s/it]
Loss: 0.3104:   6%|█▊                          | 12/188 [01:25<05:32,  1.89s/it]
Loss: 0.3024:   6%|█▊                          | 12/188 [01:27<05:32,  1.89s/it]
Loss: 0.3024:   7%|█▉                          | 13/188 [01:27<05:09,  1.77s/it]
Loss: 0.2869:   7%|█▉                          | 13/188 [01:28<05:09,  1.77s/it]
Loss: 0.2869:   7%|██                          | 14/188 [01:28<04:52,  1.68s/it]
Loss: 0.2700:   7%|██                          | 14/188 [01:30<04:52,  1.68s/it]
Loss: 0.2700:   8%|██▏                         | 15/188 [01:30<04:40,  1.62s/it]
Loss: 0.2151:   8%|██▏                         | 15/188 [01:31<04:40,  1.62s/it]
Loss: 0.2151:   9%|██▍                         | 16/188 [01:31<04:32,  1.58s/it]
Loss: 0.2829:   9%|██▍                         | 16/188 [01:33<04:32,  1.58s/it]
Loss: 0.2829:   9%|██▌                         | 17/188 [01:33<04:25,  1.56s/it]
Loss: 0.2548:   9%|██▌                         | 17/188 [01:34<04:25,  1.56s/it]
Loss: 0.2548:  10%|██▋                         | 18/188 [01:34<04:21,  1.54s/it]
Loss: 0.3487:  10%|██▋                         | 18/188 [01:36<04:21,  1.54s/it]
Loss: 0.3487:  10%|██▊                         | 19/188 [01:36<04:17,  1.52s/it]
Loss: 0.2430:  10%|██▊                         | 19/188 [01:37<04:17,  1.52s/it]
Loss: 0.2430:  11%|██▉                         | 20/188 [01:37<04:13,  1.51s/it]
Loss: 0.3773:  11%|██▉                         | 20/188 [01:38<04:13,  1.51s/it]
Loss: 0.3773:  11%|███▏                        | 21/188 [01:38<04:11,  1.51s/it]
Loss: 0.2918:  11%|███▏                        | 21/188 [01:40<04:11,  1.51s/it]
Loss: 0.2918:  12%|███▎                        | 22/188 [01:40<04:09,  1.50s/it]
Loss: 0.3289:  12%|███▎                        | 22/188 [01:41<04:09,  1.50s/it]
Loss: 0.3289:  12%|███▍                        | 23/188 [01:41<04:07,  1.50s/it]
Loss: 0.3378:  12%|███▍                        | 23/188 [01:43<04:07,  1.50s/it]
Loss: 0.3378:  13%|███▌                        | 24/188 [01:43<04:04,  1.49s/it]
Loss: 0.3968:  13%|███▌                        | 24/188 [01:44<04:04,  1.49s/it]
Loss: 0.3968:  13%|███▋                        | 25/188 [01:44<04:04,  1.50s/it]
Loss: 0.2937:  13%|███▋                        | 25/188 [01:46<04:04,  1.50s/it]
Loss: 0.2937:  14%|███▊                        | 26/188 [01:46<04:03,  1.50s/it]
Loss: 0.2969:  14%|███▊                        | 26/188 [01:47<04:03,  1.50s/it]
Loss: 0.2969:  14%|████                        | 27/188 [01:47<04:02,  1.51s/it]
Loss: 0.3382:  14%|████                        | 27/188 [01:49<04:02,  1.51s/it]
Loss: 0.3382:  15%|████▏                       | 28/188 [01:49<04:01,  1.51s/it]
Loss: 0.2353:  15%|████▏                       | 28/188 [01:50<04:01,  1.51s/it]
Loss: 0.2353:  15%|████▎                       | 29/188 [01:50<03:58,  1.50s/it]
Loss: 0.3232:  15%|████▎                       | 29/188 [01:52<03:58,  1.50s/it]
Loss: 0.3232:  16%|████▍                       | 30/188 [01:52<03:56,  1.50s/it]
Loss: 0.2281:  16%|████▍                       | 30/188 [01:53<03:56,  1.50s/it]
Loss: 0.2281:  16%|████▌                       | 31/188 [01:53<03:55,  1.50s/it]
Loss: 0.2713:  16%|████▌                       | 31/188 [01:55<03:55,  1.50s/it]
Loss: 0.2713:  17%|████▊                       | 32/188 [01:55<03:53,  1.50s/it]
Loss: 0.2090:  17%|████▊                       | 32/188 [01:56<03:53,  1.50s/it]
Loss: 0.2090:  18%|████▉                       | 33/188 [01:56<03:51,  1.49s/it]
Loss: 0.4213:  18%|████▉                       | 33/188 [01:58<03:51,  1.49s/it]
Loss: 0.4213:  18%|█████                       | 34/188 [01:58<03:49,  1.49s/it]
Loss: 0.1814:  18%|█████                       | 34/188 [01:59<03:49,  1.49s/it]
Loss: 0.1814:  19%|█████▏                      | 35/188 [01:59<03:47,  1.49s/it]
Loss: 0.2063:  19%|█████▏                      | 35/188 [02:01<03:47,  1.49s/it]
Loss: 0.2063:  19%|█████▎                      | 36/188 [02:01<03:46,  1.49s/it]
Loss: 0.2060:  19%|█████▎                      | 36/188 [02:02<03:46,  1.49s/it]
Loss: 0.2060:  20%|█████▌                      | 37/188 [02:02<03:44,  1.49s/it]
Loss: 0.3621:  20%|█████▌                      | 37/188 [02:04<03:44,  1.49s/it]
Loss: 0.3621:  20%|█████▋                      | 38/188 [02:04<03:43,  1.49s/it]
Loss: 0.2497:  20%|█████▋                      | 38/188 [02:05<03:43,  1.49s/it]
Loss: 0.2497:  21%|█████▊                      | 39/188 [02:05<03:41,  1.49s/it]
Loss: 0.2732:  21%|█████▊                      | 39/188 [02:07<03:41,  1.49s/it]
Loss: 0.2732:  21%|█████▉                      | 40/188 [02:07<03:40,  1.49s/it]
Loss: 0.3165:  21%|█████▉                      | 40/188 [02:08<03:40,  1.49s/it]
Loss: 0.3165:  22%|██████                      | 41/188 [02:08<03:40,  1.50s/it]
Loss: 0.2628:  22%|██████                      | 41/188 [02:10<03:40,  1.50s/it]
Loss: 0.2628:  22%|██████▎                     | 42/188 [02:10<03:39,  1.51s/it]
Loss: 0.2253:  22%|██████▎                     | 42/188 [02:11<03:39,  1.51s/it]
Loss: 0.2253:  23%|██████▍                     | 43/188 [02:11<03:37,  1.50s/it]
Loss: 0.3082:  23%|██████▍                     | 43/188 [02:13<03:37,  1.50s/it]
Loss: 0.3082:  23%|██████▌                     | 44/188 [02:13<03:35,  1.50s/it]
Loss: 0.2219:  23%|██████▌                     | 44/188 [02:14<03:35,  1.50s/it]
Loss: 0.2219:  24%|██████▋                     | 45/188 [02:14<03:34,  1.50s/it]
Loss: 0.1786:  24%|██████▋                     | 45/188 [02:16<03:34,  1.50s/it]
Loss: 0.1786:  24%|██████▊                     | 46/188 [02:16<03:32,  1.50s/it]
Loss: 0.2537:  24%|██████▊                     | 46/188 [02:17<03:32,  1.50s/it]
Loss: 0.2537:  25%|███████                     | 47/188 [02:17<03:32,  1.50s/it]
Loss: 0.3248:  25%|███████                     | 47/188 [02:19<03:32,  1.50s/it]
Loss: 0.3248:  26%|███████▏                    | 48/188 [02:19<03:31,  1.51s/it]
Loss: 0.4538:  26%|███████▏                    | 48/188 [02:20<03:31,  1.51s/it]
Loss: 0.4538:  26%|███████▎                    | 49/188 [02:20<03:29,  1.51s/it]
Loss: 0.3354:  26%|███████▎                    | 49/188 [02:22<03:29,  1.51s/it]
Loss: 0.3354:  27%|███████▍                    | 50/188 [02:22<03:27,  1.50s/it]
Loss: 0.3166:  27%|███████▍                    | 50/188 [02:23<03:27,  1.50s/it]
Loss: 0.3166:  27%|███████▌                    | 51/188 [02:23<03:25,  1.50s/it]
Loss: 0.2653:  27%|███████▌                    | 51/188 [02:25<03:25,  1.50s/it]
Loss: 0.2653:  28%|███████▋                    | 52/188 [02:25<03:24,  1.50s/it]
Loss: 0.2978:  28%|███████▋                    | 52/188 [02:26<03:24,  1.50s/it]
Loss: 0.2978:  28%|███████▉                    | 53/188 [02:26<03:22,  1.50s/it]
Loss: 0.2262:  28%|███████▉                    | 53/188 [02:28<03:22,  1.50s/it]
Loss: 0.2262:  29%|████████                    | 54/188 [02:28<03:21,  1.50s/it]
Loss: 0.1942:  29%|████████                    | 54/188 [02:29<03:21,  1.50s/it]
Loss: 0.1942:  29%|████████▏                   | 55/188 [02:29<03:19,  1.50s/it]
Loss: 0.1580:  29%|████████▏                   | 55/188 [02:31<03:19,  1.50s/it]
Loss: 0.1580:  30%|████████▎                   | 56/188 [02:31<03:17,  1.50s/it]
Loss: 0.2719:  30%|████████▎                   | 56/188 [02:32<03:17,  1.50s/it]
Loss: 0.2719:  30%|████████▍                   | 57/188 [02:32<03:16,  1.50s/it]
Loss: 0.2901:  30%|████████▍                   | 57/188 [02:34<03:16,  1.50s/it]
Loss: 0.2901:  31%|████████▋                   | 58/188 [02:34<03:14,  1.50s/it]
Loss: 0.2188:  31%|████████▋                   | 58/188 [02:35<03:14,  1.50s/it]
Loss: 0.2188:  31%|████████▊                   | 59/188 [02:35<03:12,  1.49s/it]
Loss: 0.3217:  31%|████████▊                   | 59/188 [02:37<03:12,  1.49s/it]
Loss: 0.3217:  32%|████████▉                   | 60/188 [02:37<03:11,  1.50s/it]
Loss: 0.2560:  32%|████████▉                   | 60/188 [02:38<03:11,  1.50s/it]
Loss: 0.2560:  32%|█████████                   | 61/188 [02:38<03:10,  1.50s/it]
Loss: 0.2862:  32%|█████████                   | 61/188 [02:40<03:10,  1.50s/it]
Loss: 0.2862:  33%|█████████▏                  | 62/188 [02:40<03:08,  1.50s/it]
Loss: 0.2401:  33%|█████████▏                  | 62/188 [02:41<03:08,  1.50s/it]
Loss: 0.2401:  34%|█████████▍                  | 63/188 [02:41<03:07,  1.50s/it]
Loss: 0.2774:  34%|█████████▍                  | 63/188 [02:43<03:07,  1.50s/it]
Loss: 0.2774:  34%|█████████▌                  | 64/188 [02:43<03:05,  1.50s/it]
Loss: 0.3267:  34%|█████████▌                  | 64/188 [02:44<03:05,  1.50s/it]
Loss: 0.3267:  35%|█████████▋                  | 65/188 [02:44<03:03,  1.50s/it]
Loss: 0.3421:  35%|█████████▋                  | 65/188 [02:46<03:03,  1.50s/it]
Loss: 0.3421:  35%|█████████▊                  | 66/188 [02:46<03:02,  1.49s/it]
Loss: 0.3041:  35%|█████████▊                  | 66/188 [02:47<03:02,  1.49s/it]
Loss: 0.3041:  36%|█████████▉                  | 67/188 [02:47<03:00,  1.49s/it]
Loss: 0.2598:  36%|█████████▉                  | 67/188 [02:49<03:00,  1.49s/it]
Loss: 0.2598:  36%|██████████▏                 | 68/188 [02:49<02:59,  1.49s/it]
Loss: 0.2908:  36%|██████████▏                 | 68/188 [02:50<02:59,  1.49s/it]
Loss: 0.2908:  37%|██████████▎                 | 69/188 [02:50<02:57,  1.49s/it]
Loss: 0.2254:  37%|██████████▎                 | 69/188 [02:52<02:57,  1.49s/it]
Loss: 0.2254:  37%|██████████▍                 | 70/188 [02:52<02:56,  1.49s/it]
Loss: 0.3989:  37%|██████████▍                 | 70/188 [02:53<02:56,  1.49s/it]
Loss: 0.3989:  38%|██████████▌                 | 71/188 [02:53<02:54,  1.49s/it]
Loss: 0.3320:  38%|██████████▌                 | 71/188 [02:55<02:54,  1.49s/it]
Loss: 0.3320:  38%|██████████▋                 | 72/188 [02:55<02:53,  1.49s/it]
Loss: 0.2065:  38%|██████████▋                 | 72/188 [02:56<02:53,  1.49s/it]
Loss: 0.2065:  39%|██████████▊                 | 73/188 [02:56<02:52,  1.50s/it]
Loss: 0.2527:  39%|██████████▊                 | 73/188 [02:58<02:52,  1.50s/it]
Loss: 0.2527:  39%|███████████                 | 74/188 [02:58<02:50,  1.50s/it]
Loss: 0.2280:  39%|███████████                 | 74/188 [02:59<02:50,  1.50s/it]
Loss: 0.2280:  40%|███████████▏                | 75/188 [02:59<02:48,  1.49s/it]
Loss: 0.2111:  40%|███████████▏                | 75/188 [03:01<02:48,  1.49s/it]
Loss: 0.2111:  40%|███████████▎                | 76/188 [03:01<02:47,  1.50s/it]
Loss: 0.4282:  40%|███████████▎                | 76/188 [03:02<02:47,  1.50s/it]
Loss: 0.4282:  41%|███████████▍                | 77/188 [03:02<02:46,  1.50s/it]
Loss: 0.2437:  41%|███████████▍                | 77/188 [03:04<02:46,  1.50s/it]
Loss: 0.2437:  41%|███████████▌                | 78/188 [03:04<02:44,  1.50s/it]
Loss: 0.2617:  41%|███████████▌                | 78/188 [03:05<02:44,  1.50s/it]
Loss: 0.2617:  42%|███████████▊                | 79/188 [03:05<02:43,  1.50s/it]
Loss: 0.3614:  42%|███████████▊                | 79/188 [03:07<02:43,  1.50s/it]
Loss: 0.3614:  43%|███████████▉                | 80/188 [03:07<02:42,  1.50s/it]
Loss: 0.2503:  43%|███████████▉                | 80/188 [03:08<02:42,  1.50s/it]
Loss: 0.2503:  43%|████████████                | 81/188 [03:08<02:41,  1.51s/it]
Loss: 0.3441:  43%|████████████                | 81/188 [03:10<02:41,  1.51s/it]
Loss: 0.3441:  44%|████████████▏               | 82/188 [03:10<02:39,  1.51s/it]
Loss: 0.2465:  44%|████████████▏               | 82/188 [03:11<02:39,  1.51s/it]
Loss: 0.2465:  44%|████████████▎               | 83/188 [03:11<02:38,  1.51s/it]
Loss: 0.2464:  44%|████████████▎               | 83/188 [03:13<02:38,  1.51s/it]
Loss: 0.2464:  45%|████████████▌               | 84/188 [03:13<02:36,  1.51s/it]
Loss: 0.3134:  45%|████████████▌               | 84/188 [03:14<02:36,  1.51s/it]
Loss: 0.3134:  45%|████████████▋               | 85/188 [03:14<02:35,  1.51s/it]
Loss: 0.3001:  45%|████████████▋               | 85/188 [03:16<02:35,  1.51s/it]
Loss: 0.3001:  46%|████████████▊               | 86/188 [03:16<02:33,  1.51s/it]
Loss: 0.3106:  46%|████████████▊               | 86/188 [03:17<02:33,  1.51s/it]
Loss: 0.3106:  46%|████████████▉               | 87/188 [03:17<02:32,  1.51s/it]
Loss: 0.2454:  46%|████████████▉               | 87/188 [03:19<02:32,  1.51s/it]
Loss: 0.2454:  47%|█████████████               | 88/188 [03:19<02:30,  1.51s/it]
Loss: 0.2278:  47%|█████████████               | 88/188 [03:20<02:30,  1.51s/it]
Loss: 0.2278:  47%|█████████████▎              | 89/188 [03:20<02:29,  1.51s/it]
Loss: 0.2562:  47%|█████████████▎              | 89/188 [03:22<02:29,  1.51s/it]
Loss: 0.2562:  48%|█████████████▍              | 90/188 [03:22<02:27,  1.50s/it]
Loss: 0.2879:  48%|█████████████▍              | 90/188 [03:23<02:27,  1.50s/it]
Loss: 0.2879:  48%|█████████████▌              | 91/188 [03:23<02:25,  1.50s/it]
Loss: 0.2377:  48%|█████████████▌              | 91/188 [03:25<02:25,  1.50s/it]
Loss: 0.2377:  49%|█████████████▋              | 92/188 [03:25<02:24,  1.50s/it]
Loss: 0.2713:  49%|█████████████▋              | 92/188 [03:26<02:24,  1.50s/it]
Loss: 0.2713:  49%|█████████████▊              | 93/188 [03:26<02:22,  1.50s/it]
Loss: 0.2551:  49%|█████████████▊              | 93/188 [03:28<02:22,  1.50s/it]
Loss: 0.2551:  50%|██████████████              | 94/188 [03:28<02:20,  1.50s/it]
Loss: 0.3544:  50%|██████████████              | 94/188 [03:29<02:20,  1.50s/it]
Loss: 0.3544:  51%|██████████████▏             | 95/188 [03:29<02:19,  1.50s/it]
Loss: 0.2069:  51%|██████████████▏             | 95/188 [03:31<02:19,  1.50s/it]
Loss: 0.2069:  51%|██████████████▎             | 96/188 [03:31<02:17,  1.50s/it]
Loss: 0.3349:  51%|██████████████▎             | 96/188 [03:32<02:17,  1.50s/it]
Loss: 0.3349:  52%|██████████████▍             | 97/188 [03:32<02:16,  1.50s/it]
Loss: 0.3292:  52%|██████████████▍             | 97/188 [03:34<02:16,  1.50s/it]
Loss: 0.3292:  52%|██████████████▌             | 98/188 [03:34<02:15,  1.50s/it]
Loss: 0.2798:  52%|██████████████▌             | 98/188 [03:35<02:15,  1.50s/it]
Loss: 0.2798:  53%|██████████████▋             | 99/188 [03:35<02:13,  1.50s/it]
Loss: 0.3879:  53%|██████████████▋             | 99/188 [03:37<02:13,  1.50s/it]
Loss: 0.3879:  53%|██████████████▎            | 100/188 [03:37<02:11,  1.50s/it]
Loss: 0.3285:  53%|██████████████▎            | 100/188 [03:38<02:11,  1.50s/it]
Loss: 0.3285:  54%|██████████████▌            | 101/188 [03:38<02:10,  1.50s/it]
Loss: 0.3716:  54%|██████████████▌            | 101/188 [03:40<02:10,  1.50s/it]
Loss: 0.3716:  54%|██████████████▋            | 102/188 [03:40<02:08,  1.50s/it]
Loss: 0.1691:  54%|██████████████▋            | 102/188 [03:41<02:08,  1.50s/it]
Loss: 0.1691:  55%|██████████████▊            | 103/188 [03:41<02:07,  1.50s/it]
Loss: 0.1606:  55%|██████████████▊            | 103/188 [03:43<02:07,  1.50s/it]
Loss: 0.1606:  55%|██████████████▉            | 104/188 [03:43<02:05,  1.50s/it]
Loss: 0.2921:  55%|██████████████▉            | 104/188 [03:44<02:05,  1.50s/it]
Loss: 0.2921:  56%|███████████████            | 105/188 [03:44<02:04,  1.50s/it]
Loss: 0.2622:  56%|███████████████            | 105/188 [03:46<02:04,  1.50s/it]
Loss: 0.2622:  56%|███████████████▏           | 106/188 [03:46<02:02,  1.50s/it]
Loss: 0.4007:  56%|███████████████▏           | 106/188 [03:47<02:02,  1.50s/it]
Loss: 0.4007:  57%|███████████████▎           | 107/188 [03:47<02:01,  1.50s/it]
Loss: 0.1788:  57%|███████████████▎           | 107/188 [03:49<02:01,  1.50s/it]
Loss: 0.1788:  57%|███████████████▌           | 108/188 [03:49<01:59,  1.50s/it]
Loss: 0.3370:  57%|███████████████▌           | 108/188 [03:50<01:59,  1.50s/it]
Loss: 0.3370:  58%|███████████████▋           | 109/188 [03:50<01:58,  1.50s/it]
Loss: 0.3440:  58%|███████████████▋           | 109/188 [03:52<01:58,  1.50s/it]
Loss: 0.3440:  59%|███████████████▊           | 110/188 [03:52<01:57,  1.50s/it]
Loss: 0.3877:  59%|███████████████▊           | 110/188 [03:53<01:57,  1.50s/it]
Loss: 0.3877:  59%|███████████████▉           | 111/188 [03:53<01:55,  1.50s/it]
Loss: 0.2898:  59%|███████████████▉           | 111/188 [03:55<01:55,  1.50s/it]
Loss: 0.2898:  60%|████████████████           | 112/188 [03:55<01:54,  1.51s/it]
Loss: 0.1986:  60%|████████████████           | 112/188 [03:56<01:54,  1.51s/it]
Loss: 0.1986:  60%|████████████████▏          | 113/188 [03:56<01:53,  1.51s/it]
Loss: 0.2713:  60%|████████████████▏          | 113/188 [03:58<01:53,  1.51s/it]
Loss: 0.2713:  61%|████████████████▎          | 114/188 [03:58<01:51,  1.51s/it]
Loss: 0.2545:  61%|████████████████▎          | 114/188 [03:59<01:51,  1.51s/it]
Loss: 0.2545:  61%|████████████████▌          | 115/188 [03:59<01:50,  1.51s/it]
Loss: 0.2267:  61%|████████████████▌          | 115/188 [04:01<01:50,  1.51s/it]
Loss: 0.2267:  62%|████████████████▋          | 116/188 [04:01<01:48,  1.51s/it]
Loss: 0.2597:  62%|████████████████▋          | 116/188 [04:02<01:48,  1.51s/it]
Loss: 0.2597:  62%|████████████████▊          | 117/188 [04:02<01:47,  1.51s/it]
Loss: 0.2188:  62%|████████████████▊          | 117/188 [04:04<01:47,  1.51s/it]
Loss: 0.2188:  63%|████████████████▉          | 118/188 [04:04<01:45,  1.51s/it]
Loss: 0.2002:  63%|████████████████▉          | 118/188 [04:06<01:45,  1.51s/it]
Loss: 0.2002:  63%|█████████████████          | 119/188 [04:06<01:44,  1.51s/it]
Loss: 0.1451:  63%|█████████████████          | 119/188 [04:07<01:44,  1.51s/it]
Loss: 0.1451:  64%|█████████████████▏         | 120/188 [04:07<01:42,  1.51s/it]
Loss: 0.2602:  64%|█████████████████▏         | 120/188 [04:09<01:42,  1.51s/it]
Loss: 0.2602:  64%|█████████████████▍         | 121/188 [04:09<01:41,  1.51s/it]
Loss: 0.1941:  64%|█████████████████▍         | 121/188 [04:10<01:41,  1.51s/it]
Loss: 0.1941:  65%|█████████████████▌         | 122/188 [04:10<01:39,  1.51s/it]
Loss: 0.2394:  65%|█████████████████▌         | 122/188 [04:12<01:39,  1.51s/it]
Loss: 0.2394:  65%|█████████████████▋         | 123/188 [04:12<01:37,  1.51s/it]
Loss: 0.3570:  65%|█████████████████▋         | 123/188 [04:13<01:37,  1.51s/it]
Loss: 0.3570:  66%|█████████████████▊         | 124/188 [04:13<01:36,  1.50s/it]
Loss: 0.2412:  66%|█████████████████▊         | 124/188 [04:15<01:36,  1.50s/it]
Loss: 0.2412:  66%|█████████████████▉         | 125/188 [04:15<01:34,  1.50s/it]
Loss: 0.2419:  66%|█████████████████▉         | 125/188 [04:16<01:34,  1.50s/it]
Loss: 0.2419:  67%|██████████████████         | 126/188 [04:16<01:32,  1.50s/it]
Loss: 0.2160:  67%|██████████████████         | 126/188 [04:18<01:32,  1.50s/it]
Loss: 0.2160:  68%|██████████████████▏        | 127/188 [04:18<01:31,  1.50s/it]
Loss: 0.3323:  68%|██████████████████▏        | 127/188 [04:19<01:31,  1.50s/it]
Loss: 0.3323:  68%|██████████████████▍        | 128/188 [04:19<01:29,  1.50s/it]
Loss: 0.2390:  68%|██████████████████▍        | 128/188 [04:21<01:29,  1.50s/it]
Loss: 0.2390:  69%|██████████████████▌        | 129/188 [04:21<01:28,  1.50s/it]
Loss: 0.2631:  69%|██████████████████▌        | 129/188 [04:22<01:28,  1.50s/it]
Loss: 0.2631:  69%|██████████████████▋        | 130/188 [04:22<01:26,  1.50s/it]
Loss: 0.3522:  69%|██████████████████▋        | 130/188 [04:24<01:26,  1.50s/it]
Loss: 0.3522:  70%|██████████████████▊        | 131/188 [04:24<01:25,  1.50s/it]
Loss: 0.2733:  70%|██████████████████▊        | 131/188 [04:25<01:25,  1.50s/it]
Loss: 0.2733:  70%|██████████████████▉        | 132/188 [04:25<01:23,  1.50s/it]
Loss: 0.2443:  70%|██████████████████▉        | 132/188 [04:27<01:23,  1.50s/it]
Loss: 0.2443:  71%|███████████████████        | 133/188 [04:27<01:22,  1.50s/it]
Loss: 0.3055:  71%|███████████████████        | 133/188 [04:28<01:22,  1.50s/it]
Loss: 0.3055:  71%|███████████████████▏       | 134/188 [04:28<01:20,  1.50s/it]
Loss: 0.2555:  71%|███████████████████▏       | 134/188 [04:29<01:20,  1.50s/it]
Loss: 0.2555:  72%|███████████████████▍       | 135/188 [04:29<01:19,  1.50s/it]
Loss: 0.2694:  72%|███████████████████▍       | 135/188 [04:31<01:19,  1.50s/it]
Loss: 0.2694:  72%|███████████████████▌       | 136/188 [04:31<01:17,  1.50s/it]
Loss: 0.3258:  72%|███████████████████▌       | 136/188 [04:32<01:17,  1.50s/it]
Loss: 0.3258:  73%|███████████████████▋       | 137/188 [04:32<01:16,  1.50s/it]
Loss: 0.3372:  73%|███████████████████▋       | 137/188 [04:34<01:16,  1.50s/it]
Loss: 0.3372:  73%|███████████████████▊       | 138/188 [04:34<01:14,  1.49s/it]
Loss: 0.2509:  73%|███████████████████▊       | 138/188 [04:35<01:14,  1.49s/it]
Loss: 0.2509:  74%|███████████████████▉       | 139/188 [04:35<01:13,  1.50s/it]
Loss: 0.2778:  74%|███████████████████▉       | 139/188 [04:37<01:13,  1.50s/it]
Loss: 0.2778:  74%|████████████████████       | 140/188 [04:37<01:11,  1.50s/it]
Loss: 0.2341:  74%|████████████████████       | 140/188 [04:38<01:11,  1.50s/it]
Loss: 0.2341:  75%|████████████████████▎      | 141/188 [04:38<01:10,  1.50s/it]
Loss: 0.3160:  75%|████████████████████▎      | 141/188 [04:40<01:10,  1.50s/it]
Loss: 0.3160:  76%|████████████████████▍      | 142/188 [04:40<01:09,  1.50s/it]
Loss: 0.3085:  76%|████████████████████▍      | 142/188 [04:42<01:09,  1.50s/it]
Loss: 0.3085:  76%|████████████████████▌      | 143/188 [04:42<01:07,  1.50s/it]
Loss: 0.1455:  76%|████████████████████▌      | 143/188 [04:43<01:07,  1.50s/it]
Loss: 0.1455:  77%|████████████████████▋      | 144/188 [04:43<01:06,  1.50s/it]
Loss: 0.2634:  77%|████████████████████▋      | 144/188 [04:45<01:06,  1.50s/it]
Loss: 0.2634:  77%|████████████████████▊      | 145/188 [04:45<01:04,  1.51s/it]
Loss: 0.2654:  77%|████████████████████▊      | 145/188 [04:46<01:04,  1.51s/it]
Loss: 0.2654:  78%|████████████████████▉      | 146/188 [04:46<01:03,  1.51s/it]
Loss: 0.2108:  78%|████████████████████▉      | 146/188 [04:48<01:03,  1.51s/it]
Loss: 0.2108:  78%|█████████████████████      | 147/188 [04:48<01:01,  1.51s/it]
Loss: 0.2826:  78%|█████████████████████      | 147/188 [04:49<01:01,  1.51s/it]
Loss: 0.2826:  79%|█████████████████████▎     | 148/188 [04:49<01:00,  1.51s/it]
Loss: 0.3115:  79%|█████████████████████▎     | 148/188 [04:51<01:00,  1.51s/it]
Loss: 0.3115:  79%|█████████████████████▍     | 149/188 [04:51<00:58,  1.51s/it]
Loss: 0.2237:  79%|█████████████████████▍     | 149/188 [04:52<00:58,  1.51s/it]
Loss: 0.2237:  80%|█████████████████████▌     | 150/188 [04:52<00:57,  1.51s/it]
Loss: 0.3350:  80%|█████████████████████▌     | 150/188 [04:54<00:57,  1.51s/it]
Loss: 0.3350:  80%|█████████████████████▋     | 151/188 [04:54<00:55,  1.51s/it]
Loss: 0.3076:  80%|█████████████████████▋     | 151/188 [04:55<00:55,  1.51s/it]
Loss: 0.3076:  81%|█████████████████████▊     | 152/188 [04:55<00:54,  1.51s/it]
Loss: 0.2892:  81%|█████████████████████▊     | 152/188 [04:57<00:54,  1.51s/it]
Loss: 0.2892:  81%|█████████████████████▉     | 153/188 [04:57<00:52,  1.51s/it]
Loss: 0.2904:  81%|█████████████████████▉     | 153/188 [04:58<00:52,  1.51s/it]
Loss: 0.2904:  82%|██████████████████████     | 154/188 [04:58<00:51,  1.51s/it]
Loss: 0.3223:  82%|██████████████████████     | 154/188 [05:00<00:51,  1.51s/it]
Loss: 0.3223:  82%|██████████████████████▎    | 155/188 [05:00<00:49,  1.51s/it]
Loss: 0.3294:  82%|██████████████████████▎    | 155/188 [05:01<00:49,  1.51s/it]
Loss: 0.3294:  83%|██████████████████████▍    | 156/188 [05:01<00:48,  1.51s/it]
Loss: 0.2784:  83%|██████████████████████▍    | 156/188 [05:03<00:48,  1.51s/it]
Loss: 0.2784:  84%|██████████████████████▌    | 157/188 [05:03<00:46,  1.51s/it]
Loss: 0.3020:  84%|██████████████████████▌    | 157/188 [05:04<00:46,  1.51s/it]
Loss: 0.3020:  84%|██████████████████████▋    | 158/188 [05:04<00:45,  1.50s/it]
Loss: 0.1976:  84%|██████████████████████▋    | 158/188 [05:06<00:45,  1.50s/it]
Loss: 0.1976:  85%|██████████████████████▊    | 159/188 [05:06<00:43,  1.50s/it]
Loss: 0.2945:  85%|██████████████████████▊    | 159/188 [05:07<00:43,  1.50s/it]
Loss: 0.2945:  85%|██████████████████████▉    | 160/188 [05:07<00:41,  1.50s/it]
Loss: 0.3774:  85%|██████████████████████▉    | 160/188 [05:09<00:41,  1.50s/it]
Loss: 0.3774:  86%|███████████████████████    | 161/188 [05:09<00:40,  1.50s/it]
Loss: 0.2299:  86%|███████████████████████    | 161/188 [05:10<00:40,  1.50s/it]
Loss: 0.2299:  86%|███████████████████████▎   | 162/188 [05:10<00:38,  1.50s/it]
Loss: 0.2489:  86%|███████████████████████▎   | 162/188 [05:12<00:38,  1.50s/it]
Loss: 0.2489:  87%|███████████████████████▍   | 163/188 [05:12<00:37,  1.50s/it]
Loss: 0.2988:  87%|███████████████████████▍   | 163/188 [05:13<00:37,  1.50s/it]
Loss: 0.2988:  87%|███████████████████████▌   | 164/188 [05:13<00:36,  1.50s/it]
Loss: 0.2350:  87%|███████████████████████▌   | 164/188 [05:15<00:36,  1.50s/it]
Loss: 0.2350:  88%|███████████████████████▋   | 165/188 [05:15<00:34,  1.50s/it]
Loss: 0.3162:  88%|███████████████████████▋   | 165/188 [05:16<00:34,  1.50s/it]
Loss: 0.3162:  88%|███████████████████████▊   | 166/188 [05:16<00:33,  1.50s/it]
Loss: 0.1998:  88%|███████████████████████▊   | 166/188 [05:18<00:33,  1.50s/it]
Loss: 0.1998:  89%|███████████████████████▉   | 167/188 [05:18<00:31,  1.50s/it]
Loss: 0.3605:  89%|███████████████████████▉   | 167/188 [05:19<00:31,  1.50s/it]
Loss: 0.3605:  89%|████████████████████████▏  | 168/188 [05:19<00:29,  1.50s/it]
Loss: 0.1759:  89%|████████████████████████▏  | 168/188 [05:21<00:29,  1.50s/it]
Loss: 0.1759:  90%|████████████████████████▎  | 169/188 [05:21<00:28,  1.50s/it]
Loss: 0.3067:  90%|████████████████████████▎  | 169/188 [05:22<00:28,  1.50s/it]
Loss: 0.3067:  90%|████████████████████████▍  | 170/188 [05:22<00:26,  1.49s/it]
Loss: 0.2492:  90%|████████████████████████▍  | 170/188 [05:24<00:26,  1.49s/it]
Loss: 0.2492:  91%|████████████████████████▌  | 171/188 [05:24<00:25,  1.49s/it]
Loss: 0.2165:  91%|████████████████████████▌  | 171/188 [05:25<00:25,  1.49s/it]
Loss: 0.2165:  91%|████████████████████████▋  | 172/188 [05:25<00:23,  1.50s/it]
Loss: 0.1828:  91%|████████████████████████▋  | 172/188 [05:27<00:23,  1.50s/it]
Loss: 0.1828:  92%|████████████████████████▊  | 173/188 [05:27<00:22,  1.50s/it]
Loss: 0.3557:  92%|████████████████████████▊  | 173/188 [05:28<00:22,  1.50s/it]
Loss: 0.3557:  93%|████████████████████████▉  | 174/188 [05:28<00:20,  1.50s/it]
Loss: 0.2781:  93%|████████████████████████▉  | 174/188 [05:30<00:20,  1.50s/it]
Loss: 0.2781:  93%|█████████████████████████▏ | 175/188 [05:30<00:19,  1.50s/it]
Loss: 0.2050:  93%|█████████████████████████▏ | 175/188 [05:31<00:19,  1.50s/it]
Loss: 0.2050:  94%|█████████████████████████▎ | 176/188 [05:31<00:17,  1.50s/it]
Loss: 0.2854:  94%|█████████████████████████▎ | 176/188 [05:33<00:17,  1.50s/it]
Loss: 0.2854:  94%|█████████████████████████▍ | 177/188 [05:33<00:16,  1.50s/it]
Loss: 0.3119:  94%|█████████████████████████▍ | 177/188 [05:34<00:16,  1.50s/it]
Loss: 0.3119:  95%|█████████████████████████▌ | 178/188 [05:34<00:15,  1.50s/it]
Loss: 0.2200:  95%|█████████████████████████▌ | 178/188 [05:36<00:15,  1.50s/it]
Loss: 0.2200:  95%|█████████████████████████▋ | 179/188 [05:36<00:13,  1.50s/it]
Loss: 0.4157:  95%|█████████████████████████▋ | 179/188 [05:37<00:13,  1.50s/it]
Loss: 0.4157:  96%|█████████████████████████▊ | 180/188 [05:37<00:12,  1.51s/it]
Loss: 0.2781:  96%|█████████████████████████▊ | 180/188 [05:39<00:12,  1.51s/it]
Loss: 0.2781:  96%|█████████████████████████▉ | 181/188 [05:39<00:10,  1.51s/it]
Loss: 0.4056:  96%|█████████████████████████▉ | 181/188 [05:40<00:10,  1.51s/it]
Loss: 0.4056:  97%|██████████████████████████▏| 182/188 [05:40<00:09,  1.51s/it]
Loss: 0.3006:  97%|██████████████████████████▏| 182/188 [05:42<00:09,  1.51s/it]
Loss: 0.3006:  97%|██████████████████████████▎| 183/188 [05:42<00:07,  1.51s/it]
Loss: 0.3728:  97%|██████████████████████████▎| 183/188 [05:43<00:07,  1.51s/it]
Loss: 0.3728:  98%|██████████████████████████▍| 184/188 [05:43<00:06,  1.51s/it]
Loss: 0.2913:  98%|██████████████████████████▍| 184/188 [05:45<00:06,  1.51s/it]
Loss: 0.2913:  98%|██████████████████████████▌| 185/188 [05:45<00:04,  1.51s/it]
Loss: 0.3118:  98%|██████████████████████████▌| 185/188 [05:46<00:04,  1.51s/it]
Loss: 0.3118:  99%|██████████████████████████▋| 186/188 [05:46<00:03,  1.51s/it]
Loss: 0.5091:  99%|██████████████████████████▋| 186/188 [05:48<00:03,  1.51s/it]
Loss: 0.5091:  99%|██████████████████████████▊| 187/188 [05:48<00:01,  1.51s/it]
Loss: 0.4013:  99%|██████████████████████████▊| 187/188 [05:48<00:01,  1.51s/it]
Loss: 0.4013: 100%|███████████████████████████| 188/188 [05:48<00:00,  1.30s/it]
Loss: 0.4013: 100%|███████████████████████████| 188/188 [05:50<00:00,  1.87s/it]
Epoch 5 Avg Loss: 0.2819
Saved Joint Model: runs/exp/UBFC-rPPG_SizeW128_SizeH128_ClipLength160_DataTypeDiffNormalized_DataAugNone_LabelTypeDiffNormalized_Crop_faceTrue_BackendHC_Large_boxTrue_Large_size1.5_Dyamic_DetFalse_det_len30_Median_face_boxFalse/./runs/exp/A/A1/_Joint_Epoch5.pth
==== Joint Validation ====

  0%|                                                    | 0/24 [00:00<?, ?it/s]
Val Loss: 0.3533:   0%|                                  | 0/24 [01:14<?, ?it/s]
Val Loss: 0.3533:   4%|█                         | 1/24 [01:14<28:43, 74.94s/it]
Val Loss: 0.2810:   4%|█                         | 1/24 [01:15<28:43, 74.94s/it]
Val Loss: 0.2810:   8%|██▏                       | 2/24 [01:15<11:26, 31.21s/it]
Val Loss: 0.3123:   8%|██▏                       | 2/24 [01:16<11:26, 31.21s/it]
Val Loss: 0.3123:  12%|███▎                      | 3/24 [01:16<06:02, 17.25s/it]
Val Loss: 0.5555:  12%|███▎                      | 3/24 [01:16<06:02, 17.25s/it]
Val Loss: 0.5555:  17%|████▎                     | 4/24 [01:16<03:33, 10.68s/it]
Val Loss: 0.5724:  17%|████▎                     | 4/24 [01:17<03:33, 10.68s/it]
Val Loss: 0.5724:  21%|█████▍                    | 5/24 [01:17<02:13,  7.04s/it]
Val Loss: 0.6934:  21%|█████▍                    | 5/24 [01:17<02:13,  7.04s/it]
Val Loss: 0.6934:  25%|██████▌                   | 6/24 [01:17<01:27,  4.84s/it]
Val Loss: 0.1179:  25%|██████▌                   | 6/24 [01:18<01:27,  4.84s/it]
Val Loss: 0.1179:  29%|███████▌                  | 7/24 [01:18<00:58,  3.45s/it]
Val Loss: 0.1577:  29%|███████▌                  | 7/24 [01:19<00:58,  3.45s/it]
Val Loss: 0.1577:  33%|████████▋                 | 8/24 [01:19<00:40,  2.54s/it]
Val Loss: 0.1482:  33%|████████▋                 | 8/24 [01:19<00:40,  2.54s/it]
Val Loss: 0.1482:  38%|█████████▊                | 9/24 [01:19<00:29,  1.94s/it]
Val Loss: 0.3322:  38%|█████████▊                | 9/24 [01:20<00:29,  1.94s/it]
Val Loss: 0.3322:  42%|██████████▍              | 10/24 [01:20<00:21,  1.53s/it]
Val Loss: 0.3056:  42%|██████████▍              | 10/24 [01:20<00:21,  1.53s/it]
Val Loss: 0.3056:  46%|███████████▍             | 11/24 [01:20<00:16,  1.25s/it]
Val Loss: 0.4298:  46%|███████████▍             | 11/24 [01:21<00:16,  1.25s/it]
Val Loss: 0.4298:  50%|████████████▌            | 12/24 [01:21<00:12,  1.05s/it]
Val Loss: 0.2157:  50%|████████████▌            | 12/24 [01:22<00:12,  1.05s/it]
Val Loss: 0.2157:  54%|█████████████▌           | 13/24 [01:22<00:09,  1.10it/s]
Val Loss: 0.2823:  54%|█████████████▌           | 13/24 [01:22<00:09,  1.10it/s]
Val Loss: 0.2823:  58%|██████████████▌          | 14/24 [01:22<00:08,  1.24it/s]
Val Loss: 0.2309:  58%|██████████████▌          | 14/24 [01:23<00:08,  1.24it/s]
Val Loss: 0.2309:  62%|███████████████▋         | 15/24 [01:23<00:06,  1.35it/s]
Val Loss: 0.3343:  62%|███████████████▋         | 15/24 [01:23<00:06,  1.35it/s]
Val Loss: 0.3343:  67%|████████████████▋        | 16/24 [01:23<00:05,  1.45it/s]
Val Loss: 0.4436:  67%|████████████████▋        | 16/24 [01:24<00:05,  1.45it/s]
Val Loss: 0.4436:  71%|█████████████████▋       | 17/24 [01:24<00:04,  1.51it/s]
Val Loss: 0.5371:  71%|█████████████████▋       | 17/24 [01:25<00:04,  1.51it/s]
Val Loss: 0.5371:  75%|██████████████████▊      | 18/24 [01:25<00:03,  1.57it/s]
Val Loss: 0.1503:  75%|██████████████████▊      | 18/24 [01:25<00:03,  1.57it/s]
Val Loss: 0.1503:  79%|███████████████████▊     | 19/24 [01:25<00:03,  1.61it/s]
Val Loss: 0.1958:  79%|███████████████████▊     | 19/24 [01:26<00:03,  1.61it/s]
Val Loss: 0.1958:  83%|████████████████████▊    | 20/24 [01:26<00:02,  1.65it/s]
Val Loss: 0.2383:  83%|████████████████████▊    | 20/24 [01:26<00:02,  1.65it/s]
Val Loss: 0.2383:  88%|█████████████████████▉   | 21/24 [01:26<00:01,  1.67it/s]
Val Loss: 0.3297:  88%|█████████████████████▉   | 21/24 [01:27<00:01,  1.67it/s]
Val Loss: 0.3297:  92%|██████████████████████▉  | 22/24 [01:27<00:01,  1.69it/s]
Val Loss: 0.3691:  92%|██████████████████████▉  | 22/24 [01:27<00:01,  1.69it/s]
Val Loss: 0.3691:  96%|███████████████████████▉ | 23/24 [01:27<00:00,  1.70it/s]
Val Loss: 0.3728:  96%|███████████████████████▉ | 23/24 [01:28<00:00,  1.70it/s]
Val Loss: 0.3728: 100%|█████████████████████████| 24/24 [01:28<00:00,  1.71it/s]
Val Loss: 0.3728: 100%|█████████████████████████| 24/24 [01:30<00:00,  3.76s/it]
Validation Average Loss: 0.3316
Update best model! Best epoch: 5
==== Joint Training Epoch: 6 ====

  0%|                                                   | 0/188 [00:00<?, ?it/s]
Loss: 0.3173:   0%|                                     | 0/188 [01:08<?, ?it/s]
Loss: 0.3173:   1%|▏                          | 1/188 [01:08<3:34:45, 68.91s/it]
Loss: 0.3640:   1%|▏                          | 1/188 [01:10<3:34:45, 68.91s/it]
Loss: 0.3640:   1%|▎                          | 2/188 [01:10<1:30:42, 29.26s/it]
Loss: 0.2639:   1%|▎                          | 2/188 [01:11<1:30:42, 29.26s/it]
Loss: 0.2639:   2%|▍                            | 3/188 [01:11<51:08, 16.59s/it]
Loss: 0.2515:   2%|▍                            | 3/188 [01:13<51:08, 16.59s/it]
Loss: 0.2515:   2%|▌                            | 4/188 [01:13<32:34, 10.62s/it]
Loss: 0.2771:   2%|▌                            | 4/188 [01:14<32:34, 10.62s/it]
Loss: 0.2771:   3%|▊                            | 5/188 [01:14<22:22,  7.34s/it]
Loss: 0.2531:   3%|▊                            | 5/188 [01:16<22:22,  7.34s/it]
Loss: 0.2531:   3%|▉                            | 6/188 [01:16<16:13,  5.35s/it]
Loss: 0.2876:   3%|▉                            | 6/188 [01:17<16:13,  5.35s/it]
Loss: 0.2876:   4%|█                            | 7/188 [01:17<12:20,  4.09s/it]
Loss: 0.3002:   4%|█                            | 7/188 [01:19<12:20,  4.09s/it]
Loss: 0.3002:   4%|█▏                           | 8/188 [01:19<09:45,  3.26s/it]
Loss: 0.3061:   4%|█▏                           | 8/188 [01:20<09:45,  3.26s/it]
Loss: 0.3061:   5%|█▍                           | 9/188 [01:20<08:03,  2.70s/it]
Loss: 0.2788:   5%|█▍                           | 9/188 [01:22<08:03,  2.70s/it]
Loss: 0.2788:   5%|█▍                          | 10/188 [01:22<06:53,  2.32s/it]
Loss: 0.2229:   5%|█▍                          | 10/188 [01:23<06:53,  2.32s/it]
Loss: 0.2229:   6%|█▋                          | 11/188 [01:23<06:05,  2.07s/it]
Loss: 0.2423:   6%|█▋                          | 11/188 [01:25<06:05,  2.07s/it]
Loss: 0.2423:   6%|█▊                          | 12/188 [01:25<05:33,  1.89s/it]
Loss: 0.2300:   6%|█▊                          | 12/188 [01:26<05:33,  1.89s/it]
Loss: 0.2300:   7%|█▉                          | 13/188 [01:26<05:10,  1.77s/it]
Loss: 0.2705:   7%|█▉                          | 13/188 [01:28<05:10,  1.77s/it]
Loss: 0.2705:   7%|██                          | 14/188 [01:28<04:52,  1.68s/it]
Loss: 0.3377:   7%|██                          | 14/188 [01:29<04:52,  1.68s/it]
Loss: 0.3377:   8%|██▏                         | 15/188 [01:29<04:40,  1.62s/it]
Loss: 0.3332:   8%|██▏                         | 15/188 [01:31<04:40,  1.62s/it]
Loss: 0.3332:   9%|██▍                         | 16/188 [01:31<04:31,  1.58s/it]
Loss: 0.2209:   9%|██▍                         | 16/188 [01:32<04:31,  1.58s/it]
Loss: 0.2209:   9%|██▌                         | 17/188 [01:32<04:25,  1.55s/it]
Loss: 0.2129:   9%|██▌                         | 17/188 [01:34<04:25,  1.55s/it]
Loss: 0.2129:  10%|██▋                         | 18/188 [01:34<04:19,  1.53s/it]
Loss: 0.2197:  10%|██▋                         | 18/188 [01:35<04:19,  1.53s/it]
Loss: 0.2197:  10%|██▊                         | 19/188 [01:35<04:15,  1.51s/it]
Loss: 0.3605:  10%|██▊                         | 19/188 [01:37<04:15,  1.51s/it]
Loss: 0.3605:  11%|██▉                         | 20/188 [01:37<04:12,  1.51s/it]
Loss: 0.3036:  11%|██▉                         | 20/188 [01:38<04:12,  1.51s/it]
Loss: 0.3036:  11%|███▏                        | 21/188 [01:38<04:10,  1.50s/it]
Loss: 0.2555:  11%|███▏                        | 21/188 [01:40<04:10,  1.50s/it]
Loss: 0.2555:  12%|███▎                        | 22/188 [01:40<04:07,  1.49s/it]
Loss: 0.2140:  12%|███▎                        | 22/188 [01:41<04:07,  1.49s/it]
Loss: 0.2140:  12%|███▍                        | 23/188 [01:41<04:05,  1.49s/it]
Loss: 0.2639:  12%|███▍                        | 23/188 [01:43<04:05,  1.49s/it]
Loss: 0.2639:  13%|███▌                        | 24/188 [01:43<04:03,  1.48s/it]
Loss: 0.3056:  13%|███▌                        | 24/188 [01:44<04:03,  1.48s/it]
Loss: 0.3056:  13%|███▋                        | 25/188 [01:44<04:01,  1.48s/it]
Loss: 0.2155:  13%|███▋                        | 25/188 [01:46<04:01,  1.48s/it]
Loss: 0.2155:  14%|███▊                        | 26/188 [01:46<04:00,  1.48s/it]
Loss: 0.3317:  14%|███▊                        | 26/188 [01:47<04:00,  1.48s/it]
Loss: 0.3317:  14%|████                        | 27/188 [01:47<03:59,  1.49s/it]
Loss: 0.2596:  14%|████                        | 27/188 [01:49<03:59,  1.49s/it]
Loss: 0.2596:  15%|████▏                       | 28/188 [01:49<03:58,  1.49s/it]
Loss: 0.3280:  15%|████▏                       | 28/188 [01:50<03:58,  1.49s/it]
Loss: 0.3280:  15%|████▎                       | 29/188 [01:50<03:56,  1.49s/it]
Loss: 0.2171:  15%|████▎                       | 29/188 [01:51<03:56,  1.49s/it]
Loss: 0.2171:  16%|████▍                       | 30/188 [01:51<03:54,  1.48s/it]
Loss: 0.1978:  16%|████▍                       | 30/188 [01:53<03:54,  1.48s/it]
Loss: 0.1978:  16%|████▌                       | 31/188 [01:53<03:53,  1.48s/it]
Loss: 0.3985:  16%|████▌                       | 31/188 [01:54<03:53,  1.48s/it]
Loss: 0.3985:  17%|████▊                       | 32/188 [01:54<03:51,  1.48s/it]
Loss: 0.3882:  17%|████▊                       | 32/188 [01:56<03:51,  1.48s/it]
Loss: 0.3882:  18%|████▉                       | 33/188 [01:56<03:49,  1.48s/it]
Loss: 0.2180:  18%|████▉                       | 33/188 [01:57<03:49,  1.48s/it]
Loss: 0.2180:  18%|█████                       | 34/188 [01:57<03:47,  1.48s/it]
Loss: 0.2615:  18%|█████                       | 34/188 [01:59<03:47,  1.48s/it]
Loss: 0.2615:  19%|█████▏                      | 35/188 [01:59<03:46,  1.48s/it]
Loss: 0.3159:  19%|█████▏                      | 35/188 [02:00<03:46,  1.48s/it]
Loss: 0.3159:  19%|█████▎                      | 36/188 [02:00<03:44,  1.48s/it]
Loss: 0.3773:  19%|█████▎                      | 36/188 [02:02<03:44,  1.48s/it]
Loss: 0.3773:  20%|█████▌                      | 37/188 [02:02<03:43,  1.48s/it]
Loss: 0.3254:  20%|█████▌                      | 37/188 [02:03<03:43,  1.48s/it]
Loss: 0.3254:  20%|█████▋                      | 38/188 [02:03<03:41,  1.48s/it]
Loss: 0.1956:  20%|█████▋                      | 38/188 [02:05<03:41,  1.48s/it]
Loss: 0.1956:  21%|█████▊                      | 39/188 [02:05<03:40,  1.48s/it]
Loss: 0.2656:  21%|█████▊                      | 39/188 [02:06<03:40,  1.48s/it]
Loss: 0.2656:  21%|█████▉                      | 40/188 [02:06<03:39,  1.48s/it]
Loss: 0.2104:  21%|█████▉                      | 40/188 [02:08<03:39,  1.48s/it]
Loss: 0.2104:  22%|██████                      | 41/188 [02:08<03:37,  1.48s/it]
Loss: 0.3505:  22%|██████                      | 41/188 [02:09<03:37,  1.48s/it]
Loss: 0.3505:  22%|██████▎                     | 42/188 [02:09<03:36,  1.48s/it]
Loss: 0.2101:  22%|██████▎                     | 42/188 [02:11<03:36,  1.48s/it]
Loss: 0.2101:  23%|██████▍                     | 43/188 [02:11<03:34,  1.48s/it]
Loss: 0.2582:  23%|██████▍                     | 43/188 [02:12<03:34,  1.48s/it]
Loss: 0.2582:  23%|██████▌                     | 44/188 [02:12<03:33,  1.49s/it]
Loss: 0.3245:  23%|██████▌                     | 44/188 [02:14<03:33,  1.49s/it]
Loss: 0.3245:  24%|██████▋                     | 45/188 [02:14<03:33,  1.49s/it]
Loss: 0.3403:  24%|██████▋                     | 45/188 [02:15<03:33,  1.49s/it]
Loss: 0.3403:  24%|██████▊                     | 46/188 [02:15<03:32,  1.50s/it]
Loss: 0.3074:  24%|██████▊                     | 46/188 [02:17<03:32,  1.50s/it]
Loss: 0.3074:  25%|███████                     | 47/188 [02:17<03:32,  1.50s/it]
Loss: 0.2618:  25%|███████                     | 47/188 [02:18<03:32,  1.50s/it]
Loss: 0.2618:  26%|███████▏                    | 48/188 [02:18<03:30,  1.51s/it]
Loss: 0.3816:  26%|███████▏                    | 48/188 [02:20<03:30,  1.51s/it]
Loss: 0.3816:  26%|███████▎                    | 49/188 [02:20<03:29,  1.51s/it]
Loss: 0.2759:  26%|███████▎                    | 49/188 [02:21<03:29,  1.51s/it]
Loss: 0.2759:  27%|███████▍                    | 50/188 [02:21<03:28,  1.51s/it]
Loss: 0.3248:  27%|███████▍                    | 50/188 [02:23<03:28,  1.51s/it]
Loss: 0.3248:  27%|███████▌                    | 51/188 [02:23<03:27,  1.51s/it]
Loss: 0.2740:  27%|███████▌                    | 51/188 [02:24<03:27,  1.51s/it]
Loss: 0.2740:  28%|███████▋                    | 52/188 [02:24<03:25,  1.51s/it]
Loss: 0.1947:  28%|███████▋                    | 52/188 [02:26<03:25,  1.51s/it]
Loss: 0.1947:  28%|███████▉                    | 53/188 [02:26<03:23,  1.51s/it]
Loss: 0.2885:  28%|███████▉                    | 53/188 [02:27<03:23,  1.51s/it]
Loss: 0.2885:  29%|████████                    | 54/188 [02:27<03:20,  1.50s/it]
Loss: 0.2152:  29%|████████                    | 54/188 [02:29<03:20,  1.50s/it]
Loss: 0.2152:  29%|████████▏                   | 55/188 [02:29<03:19,  1.50s/it]
Loss: 0.2014:  29%|████████▏                   | 55/188 [02:30<03:19,  1.50s/it]
Loss: 0.2014:  30%|████████▎                   | 56/188 [02:30<03:17,  1.49s/it]
Loss: 0.1738:  30%|████████▎                   | 56/188 [02:32<03:17,  1.49s/it]
Loss: 0.1738:  30%|████████▍                   | 57/188 [02:32<03:15,  1.49s/it]
Loss: 0.2572:  30%|████████▍                   | 57/188 [02:33<03:15,  1.49s/it]
Loss: 0.2572:  31%|████████▋                   | 58/188 [02:33<03:13,  1.49s/it]
Loss: 0.2619:  31%|████████▋                   | 58/188 [02:35<03:13,  1.49s/it]
Loss: 0.2619:  31%|████████▊                   | 59/188 [02:35<03:12,  1.49s/it]
Loss: 0.1893:  31%|████████▊                   | 59/188 [02:36<03:12,  1.49s/it]
Loss: 0.1893:  32%|████████▉                   | 60/188 [02:36<03:10,  1.49s/it]
Loss: 0.3049:  32%|████████▉                   | 60/188 [02:38<03:10,  1.49s/it]
Loss: 0.3049:  32%|█████████                   | 61/188 [02:38<03:08,  1.49s/it]
Loss: 0.3289:  32%|█████████                   | 61/188 [02:39<03:08,  1.49s/it]
Loss: 0.3289:  33%|█████████▏                  | 62/188 [02:39<03:07,  1.49s/it]
Loss: 0.2515:  33%|█████████▏                  | 62/188 [02:41<03:07,  1.49s/it]
Loss: 0.2515:  34%|█████████▍                  | 63/188 [02:41<03:05,  1.49s/it]
Loss: 0.1819:  34%|█████████▍                  | 63/188 [02:42<03:05,  1.49s/it]
Loss: 0.1819:  34%|█████████▌                  | 64/188 [02:42<03:04,  1.49s/it]
Loss: 0.2124:  34%|█████████▌                  | 64/188 [02:44<03:04,  1.49s/it]
Loss: 0.2124:  35%|█████████▋                  | 65/188 [02:44<03:02,  1.48s/it]
Loss: 0.1927:  35%|█████████▋                  | 65/188 [02:45<03:02,  1.48s/it]
Loss: 0.1927:  35%|█████████▊                  | 66/188 [02:45<03:00,  1.48s/it]
Loss: 0.2945:  35%|█████████▊                  | 66/188 [02:47<03:00,  1.48s/it]
Loss: 0.2945:  36%|█████████▉                  | 67/188 [02:47<02:59,  1.48s/it]
Loss: 0.2362:  36%|█████████▉                  | 67/188 [02:48<02:59,  1.48s/it]
Loss: 0.2362:  36%|██████████▏                 | 68/188 [02:48<02:57,  1.48s/it]
Loss: 0.2803:  36%|██████████▏                 | 68/188 [02:50<02:57,  1.48s/it]
Loss: 0.2803:  37%|██████████▎                 | 69/188 [02:50<02:56,  1.48s/it]
Loss: 0.2746:  37%|██████████▎                 | 69/188 [02:51<02:56,  1.48s/it]
Loss: 0.2746:  37%|██████████▍                 | 70/188 [02:51<02:54,  1.48s/it]
Loss: 0.3735:  37%|██████████▍                 | 70/188 [02:53<02:54,  1.48s/it]
Loss: 0.3735:  38%|██████████▌                 | 71/188 [02:53<02:53,  1.48s/it]
Loss: 0.2266:  38%|██████████▌                 | 71/188 [02:54<02:53,  1.48s/it]
Loss: 0.2266:  38%|██████████▋                 | 72/188 [02:54<02:52,  1.48s/it]
Loss: 0.2859:  38%|██████████▋                 | 72/188 [02:56<02:52,  1.48s/it]
Loss: 0.2859:  39%|██████████▊                 | 73/188 [02:56<02:50,  1.48s/it]
Loss: 0.2363:  39%|██████████▊                 | 73/188 [02:57<02:50,  1.48s/it]
Loss: 0.2363:  39%|███████████                 | 74/188 [02:57<02:49,  1.48s/it]
Loss: 0.1729:  39%|███████████                 | 74/188 [02:58<02:49,  1.48s/it]
Loss: 0.1729:  40%|███████████▏                | 75/188 [02:58<02:47,  1.49s/it]
Loss: 0.2459:  40%|███████████▏                | 75/188 [03:00<02:47,  1.49s/it]
Loss: 0.2459:  40%|███████████▎                | 76/188 [03:00<02:46,  1.49s/it]
Loss: 0.3029:  40%|███████████▎                | 76/188 [03:01<02:46,  1.49s/it]
Loss: 0.3029:  41%|███████████▍                | 77/188 [03:01<02:45,  1.49s/it]
Loss: 0.2416:  41%|███████████▍                | 77/188 [03:03<02:45,  1.49s/it]
Loss: 0.2416:  41%|███████████▌                | 78/188 [03:03<02:44,  1.49s/it]
Loss: 0.2415:  41%|███████████▌                | 78/188 [03:04<02:44,  1.49s/it]
Loss: 0.2415:  42%|███████████▊                | 79/188 [03:04<02:43,  1.50s/it]
Loss: 0.2725:  42%|███████████▊                | 79/188 [03:06<02:43,  1.50s/it]
Loss: 0.2725:  43%|███████████▉                | 80/188 [03:06<02:42,  1.51s/it]
Loss: 0.3153:  43%|███████████▉                | 80/188 [03:08<02:42,  1.51s/it]
Loss: 0.3153:  43%|████████████                | 81/188 [03:08<02:41,  1.51s/it]
Loss: 0.2685:  43%|████████████                | 81/188 [03:09<02:41,  1.51s/it]
Loss: 0.2685:  44%|████████████▏               | 82/188 [03:09<02:39,  1.51s/it]
Loss: 0.2350:  44%|████████████▏               | 82/188 [03:11<02:39,  1.51s/it]
Loss: 0.2350:  44%|████████████▎               | 83/188 [03:11<02:38,  1.51s/it]
Loss: 0.1912:  44%|████████████▎               | 83/188 [03:12<02:38,  1.51s/it]
Loss: 0.1912:  45%|████████████▌               | 84/188 [03:12<02:36,  1.51s/it]
Loss: 0.1411:  45%|████████████▌               | 84/188 [03:14<02:36,  1.51s/it]
Loss: 0.1411:  45%|████████████▋               | 85/188 [03:14<02:35,  1.51s/it]
Loss: 0.2365:  45%|████████████▋               | 85/188 [03:15<02:35,  1.51s/it]
Loss: 0.2365:  46%|████████████▊               | 86/188 [03:15<02:33,  1.51s/it]
Loss: 0.2396:  46%|████████████▊               | 86/188 [03:17<02:33,  1.51s/it]
Loss: 0.2396:  46%|████████████▉               | 87/188 [03:17<02:31,  1.50s/it]
Loss: 0.2168:  46%|████████████▉               | 87/188 [03:18<02:31,  1.50s/it]
Loss: 0.2168:  47%|█████████████               | 88/188 [03:18<02:29,  1.50s/it]
Loss: 0.2337:  47%|█████████████               | 88/188 [03:20<02:29,  1.50s/it]
Loss: 0.2337:  47%|█████████████▎              | 89/188 [03:20<02:27,  1.49s/it]
Loss: 0.1753:  47%|█████████████▎              | 89/188 [03:21<02:27,  1.49s/it]
Loss: 0.1753:  48%|█████████████▍              | 90/188 [03:21<02:26,  1.49s/it]
Loss: 0.2210:  48%|█████████████▍              | 90/188 [03:23<02:26,  1.49s/it]
Loss: 0.2210:  48%|█████████████▌              | 91/188 [03:23<02:24,  1.49s/it]
Loss: 0.2840:  48%|█████████████▌              | 91/188 [03:24<02:24,  1.49s/it]
Loss: 0.2840:  49%|█████████████▋              | 92/188 [03:24<02:23,  1.49s/it]
Loss: 0.2313:  49%|█████████████▋              | 92/188 [03:25<02:23,  1.49s/it]
Loss: 0.2313:  49%|█████████████▊              | 93/188 [03:25<02:21,  1.49s/it]
Loss: 0.3656:  49%|█████████████▊              | 93/188 [03:27<02:21,  1.49s/it]
Loss: 0.3656:  50%|██████████████              | 94/188 [03:27<02:19,  1.49s/it]
Loss: 0.2469:  50%|██████████████              | 94/188 [03:28<02:19,  1.49s/it]
Loss: 0.2469:  51%|██████████████▏             | 95/188 [03:28<02:18,  1.49s/it]
Loss: 0.1838:  51%|██████████████▏             | 95/188 [03:30<02:18,  1.49s/it]
Loss: 0.1838:  51%|██████████████▎             | 96/188 [03:30<02:16,  1.49s/it]
Loss: 0.2264:  51%|██████████████▎             | 96/188 [03:31<02:16,  1.49s/it]
Loss: 0.2264:  52%|██████████████▍             | 97/188 [03:31<02:15,  1.49s/it]
Loss: 0.3251:  52%|██████████████▍             | 97/188 [03:33<02:15,  1.49s/it]
Loss: 0.3251:  52%|██████████████▌             | 98/188 [03:33<02:13,  1.49s/it]
Loss: 0.3620:  52%|██████████████▌             | 98/188 [03:34<02:13,  1.49s/it]
Loss: 0.3620:  53%|██████████████▋             | 99/188 [03:34<02:12,  1.49s/it]
Loss: 0.2945:  53%|██████████████▋             | 99/188 [03:36<02:12,  1.49s/it]
Loss: 0.2945:  53%|██████████████▎            | 100/188 [03:36<02:10,  1.49s/it]
Loss: 0.2583:  53%|██████████████▎            | 100/188 [03:37<02:10,  1.49s/it]
Loss: 0.2583:  54%|██████████████▌            | 101/188 [03:37<02:09,  1.48s/it]
Loss: 0.3660:  54%|██████████████▌            | 101/188 [03:39<02:09,  1.48s/it]
Loss: 0.3660:  54%|██████████████▋            | 102/188 [03:39<02:07,  1.48s/it]
Loss: 0.3988:  54%|██████████████▋            | 102/188 [03:40<02:07,  1.48s/it]
Loss: 0.3988:  55%|██████████████▊            | 103/188 [03:40<02:06,  1.48s/it]
Loss: 0.2204:  55%|██████████████▊            | 103/188 [03:42<02:06,  1.48s/it]
Loss: 0.2204:  55%|██████████████▉            | 104/188 [03:42<02:04,  1.49s/it]
Loss: 0.2481:  55%|██████████████▉            | 104/188 [03:43<02:04,  1.49s/it]
Loss: 0.2481:  56%|███████████████            | 105/188 [03:43<02:03,  1.49s/it]
Loss: 0.3770:  56%|███████████████            | 105/188 [03:45<02:03,  1.49s/it]
Loss: 0.3770:  56%|███████████████▏           | 106/188 [03:45<02:02,  1.49s/it]
Loss: 0.2410:  56%|███████████████▏           | 106/188 [03:46<02:02,  1.49s/it]
Loss: 0.2410:  57%|███████████████▎           | 107/188 [03:46<02:02,  1.51s/it]
Loss: 0.2103:  57%|███████████████▎           | 107/188 [03:48<02:02,  1.51s/it]
Loss: 0.2103:  57%|███████████████▌           | 108/188 [03:48<02:00,  1.51s/it]
Loss: 0.2917:  57%|███████████████▌           | 108/188 [03:49<02:00,  1.51s/it]
Loss: 0.2917:  58%|███████████████▋           | 109/188 [03:49<01:58,  1.50s/it]
Loss: 0.2356:  58%|███████████████▋           | 109/188 [03:51<01:58,  1.50s/it]
Loss: 0.2356:  59%|███████████████▊           | 110/188 [03:51<01:56,  1.50s/it]
Loss: 0.2082:  59%|███████████████▊           | 110/188 [03:52<01:56,  1.50s/it]
Loss: 0.2082:  59%|███████████████▉           | 111/188 [03:52<01:55,  1.50s/it]
Loss: 0.2318:  59%|███████████████▉           | 111/188 [03:54<01:55,  1.50s/it]
Loss: 0.2318:  60%|████████████████           | 112/188 [03:54<01:54,  1.50s/it]
Loss: 0.2440:  60%|████████████████           | 112/188 [03:55<01:54,  1.50s/it]
Loss: 0.2440:  60%|████████████████▏          | 113/188 [03:55<01:53,  1.51s/it]
Loss: 0.2923:  60%|████████████████▏          | 113/188 [03:57<01:53,  1.51s/it]
Loss: 0.2923:  61%|████████████████▎          | 114/188 [03:57<01:51,  1.51s/it]
Loss: 0.1857:  61%|████████████████▎          | 114/188 [03:58<01:51,  1.51s/it]
Loss: 0.1857:  61%|████████████████▌          | 115/188 [03:58<01:50,  1.51s/it]
Loss: 0.3199:  61%|████████████████▌          | 115/188 [04:00<01:50,  1.51s/it]
Loss: 0.3199:  62%|████████████████▋          | 116/188 [04:00<01:48,  1.51s/it]
Loss: 0.2755:  62%|████████████████▋          | 116/188 [04:01<01:48,  1.51s/it]
Loss: 0.2755:  62%|████████████████▊          | 117/188 [04:01<01:47,  1.51s/it]
Loss: 0.3813:  62%|████████████████▊          | 117/188 [04:03<01:47,  1.51s/it]
Loss: 0.3813:  63%|████████████████▉          | 118/188 [04:03<01:46,  1.52s/it]
Loss: 0.2356:  63%|████████████████▉          | 118/188 [04:04<01:46,  1.52s/it]
Loss: 0.2356:  63%|█████████████████          | 119/188 [04:04<01:44,  1.51s/it]
Loss: 0.2797:  63%|█████████████████          | 119/188 [04:06<01:44,  1.51s/it]
Loss: 0.2797:  64%|█████████████████▏         | 120/188 [04:06<01:42,  1.51s/it]
Loss: 0.2115:  64%|█████████████████▏         | 120/188 [04:07<01:42,  1.51s/it]
Loss: 0.2115:  64%|█████████████████▍         | 121/188 [04:07<01:40,  1.50s/it]
Loss: 0.2895:  64%|█████████████████▍         | 121/188 [04:09<01:40,  1.50s/it]
Loss: 0.2895:  65%|█████████████████▌         | 122/188 [04:09<01:38,  1.50s/it]
Loss: 0.3048:  65%|█████████████████▌         | 122/188 [04:10<01:38,  1.50s/it]
Loss: 0.3048:  65%|█████████████████▋         | 123/188 [04:10<01:37,  1.49s/it]
Loss: 0.2755:  65%|█████████████████▋         | 123/188 [04:12<01:37,  1.49s/it]
Loss: 0.2755:  66%|█████████████████▊         | 124/188 [04:12<01:35,  1.49s/it]
Loss: 0.1856:  66%|█████████████████▊         | 124/188 [04:13<01:35,  1.49s/it]
Loss: 0.1856:  66%|█████████████████▉         | 125/188 [04:13<01:34,  1.50s/it]
Loss: 0.3307:  66%|█████████████████▉         | 125/188 [04:15<01:34,  1.50s/it]
Loss: 0.3307:  67%|██████████████████         | 126/188 [04:15<01:32,  1.50s/it]
Loss: 0.3748:  67%|██████████████████         | 126/188 [04:16<01:32,  1.50s/it]
Loss: 0.3748:  68%|██████████████████▏        | 127/188 [04:16<01:31,  1.49s/it]
Loss: 0.2663:  68%|██████████████████▏        | 127/188 [04:18<01:31,  1.49s/it]
Loss: 0.2663:  68%|██████████████████▍        | 128/188 [04:18<01:29,  1.49s/it]
Loss: 0.2901:  68%|██████████████████▍        | 128/188 [04:19<01:29,  1.49s/it]
Loss: 0.2901:  69%|██████████████████▌        | 129/188 [04:19<01:28,  1.50s/it]
Loss: 0.2501:  69%|██████████████████▌        | 129/188 [04:21<01:28,  1.50s/it]
Loss: 0.2501:  69%|██████████████████▋        | 130/188 [04:21<01:26,  1.49s/it]
Loss: 0.1954:  69%|██████████████████▋        | 130/188 [04:22<01:26,  1.49s/it]
Loss: 0.1954:  70%|██████████████████▊        | 131/188 [04:22<01:25,  1.49s/it]
Loss: 0.2155:  70%|██████████████████▊        | 131/188 [04:24<01:25,  1.49s/it]
Loss: 0.2155:  70%|██████████████████▉        | 132/188 [04:24<01:23,  1.49s/it]
Loss: 0.1922:  70%|██████████████████▉        | 132/188 [04:25<01:23,  1.49s/it]
Loss: 0.1922:  71%|███████████████████        | 133/188 [04:25<01:21,  1.49s/it]
Loss: 0.2340:  71%|███████████████████        | 133/188 [04:27<01:21,  1.49s/it]
Loss: 0.2340:  71%|███████████████████▏       | 134/188 [04:27<01:20,  1.49s/it]
Loss: 0.3247:  71%|███████████████████▏       | 134/188 [04:28<01:20,  1.49s/it]
Loss: 0.3247:  72%|███████████████████▍       | 135/188 [04:28<01:18,  1.49s/it]
Loss: 0.3297:  72%|███████████████████▍       | 135/188 [04:30<01:18,  1.49s/it]
Loss: 0.3297:  72%|███████████████████▌       | 136/188 [04:30<01:17,  1.49s/it]
Loss: 0.2237:  72%|███████████████████▌       | 136/188 [04:31<01:17,  1.49s/it]
Loss: 0.2237:  73%|███████████████████▋       | 137/188 [04:31<01:15,  1.49s/it]
Loss: 0.2721:  73%|███████████████████▋       | 137/188 [04:33<01:15,  1.49s/it]
Loss: 0.2721:  73%|███████████████████▊       | 138/188 [04:33<01:14,  1.49s/it]
Loss: 0.2550:  73%|███████████████████▊       | 138/188 [04:34<01:14,  1.49s/it]
Loss: 0.2550:  74%|███████████████████▉       | 139/188 [04:34<01:13,  1.49s/it]
Loss: 0.2475:  74%|███████████████████▉       | 139/188 [04:36<01:13,  1.49s/it]
Loss: 0.2475:  74%|████████████████████       | 140/188 [04:36<01:11,  1.49s/it]
Loss: 0.2242:  74%|████████████████████       | 140/188 [04:37<01:11,  1.49s/it]
Loss: 0.2242:  75%|████████████████████▎      | 141/188 [04:37<01:10,  1.49s/it]
Loss: 0.2783:  75%|████████████████████▎      | 141/188 [04:39<01:10,  1.49s/it]
Loss: 0.2783:  76%|████████████████████▍      | 142/188 [04:39<01:08,  1.49s/it]
Loss: 0.2937:  76%|████████████████████▍      | 142/188 [04:40<01:08,  1.49s/it]
Loss: 0.2937:  76%|████████████████████▌      | 143/188 [04:40<01:07,  1.49s/it]
Loss: 0.2337:  76%|████████████████████▌      | 143/188 [04:42<01:07,  1.49s/it]
Loss: 0.2337:  77%|████████████████████▋      | 144/188 [04:42<01:05,  1.50s/it]
Loss: 0.2901:  77%|████████████████████▋      | 144/188 [04:43<01:05,  1.50s/it]
Loss: 0.2901:  77%|████████████████████▊      | 145/188 [04:43<01:04,  1.50s/it]
Loss: 0.2647:  77%|████████████████████▊      | 145/188 [04:45<01:04,  1.50s/it]
Loss: 0.2647:  78%|████████████████████▉      | 146/188 [04:45<01:03,  1.51s/it]
Loss: 0.3356:  78%|████████████████████▉      | 146/188 [04:46<01:03,  1.51s/it]
Loss: 0.3356:  78%|█████████████████████      | 147/188 [04:46<01:02,  1.51s/it]
Loss: 0.2360:  78%|█████████████████████      | 147/188 [04:48<01:02,  1.51s/it]
Loss: 0.2360:  79%|█████████████████████▎     | 148/188 [04:48<01:00,  1.52s/it]
Loss: 0.3793:  79%|█████████████████████▎     | 148/188 [04:49<01:00,  1.52s/it]
Loss: 0.3793:  79%|█████████████████████▍     | 149/188 [04:49<00:59,  1.52s/it]
Loss: 0.3084:  79%|█████████████████████▍     | 149/188 [04:51<00:59,  1.52s/it]
Loss: 0.3084:  80%|█████████████████████▌     | 150/188 [04:51<00:57,  1.52s/it]
Loss: 0.2207:  80%|█████████████████████▌     | 150/188 [04:52<00:57,  1.52s/it]
Loss: 0.2207:  80%|█████████████████████▋     | 151/188 [04:52<00:56,  1.52s/it]
Loss: 0.2927:  80%|█████████████████████▋     | 151/188 [04:54<00:56,  1.52s/it]
Loss: 0.2927:  81%|█████████████████████▊     | 152/188 [04:54<00:54,  1.51s/it]
Loss: 0.2857:  81%|█████████████████████▊     | 152/188 [04:55<00:54,  1.51s/it]
Loss: 0.2857:  81%|█████████████████████▉     | 153/188 [04:55<00:52,  1.51s/it]
Loss: 0.2045:  81%|█████████████████████▉     | 153/188 [04:57<00:52,  1.51s/it]
Loss: 0.2045:  82%|██████████████████████     | 154/188 [04:57<00:51,  1.50s/it]
Loss: 0.3604:  82%|██████████████████████     | 154/188 [04:58<00:51,  1.50s/it]
Loss: 0.3604:  82%|██████████████████████▎    | 155/188 [04:58<00:49,  1.50s/it]
Loss: 0.2971:  82%|██████████████████████▎    | 155/188 [05:00<00:49,  1.50s/it]
Loss: 0.2971:  83%|██████████████████████▍    | 156/188 [05:00<00:47,  1.50s/it]
Loss: 0.2283:  83%|██████████████████████▍    | 156/188 [05:01<00:47,  1.50s/it]
Loss: 0.2283:  84%|██████████████████████▌    | 157/188 [05:01<00:46,  1.50s/it]
Loss: 0.2107:  84%|██████████████████████▌    | 157/188 [05:03<00:46,  1.50s/it]
Loss: 0.2107:  84%|██████████████████████▋    | 158/188 [05:03<00:44,  1.50s/it]
Loss: 0.2461:  84%|██████████████████████▋    | 158/188 [05:04<00:44,  1.50s/it]
Loss: 0.2461:  85%|██████████████████████▊    | 159/188 [05:04<00:43,  1.50s/it]
Loss: 0.3432:  85%|██████████████████████▊    | 159/188 [05:06<00:43,  1.50s/it]
Loss: 0.3432:  85%|██████████████████████▉    | 160/188 [05:06<00:41,  1.49s/it]
Loss: 0.2674:  85%|██████████████████████▉    | 160/188 [05:07<00:41,  1.49s/it]
Loss: 0.2674:  86%|███████████████████████    | 161/188 [05:07<00:40,  1.49s/it]
Loss: 0.2731:  86%|███████████████████████    | 161/188 [05:09<00:40,  1.49s/it]
Loss: 0.2731:  86%|███████████████████████▎   | 162/188 [05:09<00:38,  1.49s/it]
Loss: 0.1930:  86%|███████████████████████▎   | 162/188 [05:10<00:38,  1.49s/it]
Loss: 0.1930:  87%|███████████████████████▍   | 163/188 [05:10<00:37,  1.49s/it]
Loss: 0.2643:  87%|███████████████████████▍   | 163/188 [05:12<00:37,  1.49s/it]
Loss: 0.2643:  87%|███████████████████████▌   | 164/188 [05:12<00:35,  1.49s/it]
Loss: 0.2779:  87%|███████████████████████▌   | 164/188 [05:13<00:35,  1.49s/it]
Loss: 0.2779:  88%|███████████████████████▋   | 165/188 [05:13<00:34,  1.49s/it]
Loss: 0.3090:  88%|███████████████████████▋   | 165/188 [05:15<00:34,  1.49s/it]
Loss: 0.3090:  88%|███████████████████████▊   | 166/188 [05:15<00:32,  1.49s/it]
Loss: 0.2259:  88%|███████████████████████▊   | 166/188 [05:16<00:32,  1.49s/it]
Loss: 0.2259:  89%|███████████████████████▉   | 167/188 [05:16<00:31,  1.49s/it]
Loss: 0.2744:  89%|███████████████████████▉   | 167/188 [05:18<00:31,  1.49s/it]
Loss: 0.2744:  89%|████████████████████████▏  | 168/188 [05:18<00:29,  1.48s/it]
Loss: 0.3129:  89%|████████████████████████▏  | 168/188 [05:19<00:29,  1.48s/it]
Loss: 0.3129:  90%|████████████████████████▎  | 169/188 [05:19<00:28,  1.48s/it]
Loss: 0.2549:  90%|████████████████████████▎  | 169/188 [05:21<00:28,  1.48s/it]
Loss: 0.2549:  90%|████████████████████████▍  | 170/188 [05:21<00:26,  1.49s/it]
Loss: 0.2202:  90%|████████████████████████▍  | 170/188 [05:22<00:26,  1.49s/it]
Loss: 0.2202:  91%|████████████████████████▌  | 171/188 [05:22<00:25,  1.49s/it]
Loss: 0.2216:  91%|████████████████████████▌  | 171/188 [05:24<00:25,  1.49s/it]
Loss: 0.2216:  91%|████████████████████████▋  | 172/188 [05:24<00:23,  1.49s/it]
Loss: 0.3484:  91%|████████████████████████▋  | 172/188 [05:25<00:23,  1.49s/it]
Loss: 0.3484:  92%|████████████████████████▊  | 173/188 [05:25<00:22,  1.49s/it]
Loss: 0.2448:  92%|████████████████████████▊  | 173/188 [05:27<00:22,  1.49s/it]
Loss: 0.2448:  93%|████████████████████████▉  | 174/188 [05:27<00:20,  1.49s/it]
Loss: 0.2096:  93%|████████████████████████▉  | 174/188 [05:28<00:20,  1.49s/it]
Loss: 0.2096:  93%|█████████████████████████▏ | 175/188 [05:28<00:19,  1.49s/it]
Loss: 0.2404:  93%|█████████████████████████▏ | 175/188 [05:30<00:19,  1.49s/it]
Loss: 0.2404:  94%|█████████████████████████▎ | 176/188 [05:30<00:17,  1.49s/it]
Loss: 0.3062:  94%|█████████████████████████▎ | 176/188 [05:31<00:17,  1.49s/it]
Loss: 0.3062:  94%|█████████████████████████▍ | 177/188 [05:31<00:16,  1.49s/it]
Loss: 0.1893:  94%|█████████████████████████▍ | 177/188 [05:33<00:16,  1.49s/it]
Loss: 0.1893:  95%|█████████████████████████▌ | 178/188 [05:33<00:15,  1.50s/it]
Loss: 0.2558:  95%|█████████████████████████▌ | 178/188 [05:34<00:15,  1.50s/it]
Loss: 0.2558:  95%|█████████████████████████▋ | 179/188 [05:34<00:13,  1.51s/it]
Loss: 0.2552:  95%|█████████████████████████▋ | 179/188 [05:36<00:13,  1.51s/it]
Loss: 0.2552:  96%|█████████████████████████▊ | 180/188 [05:36<00:12,  1.51s/it]
Loss: 0.2523:  96%|█████████████████████████▊ | 180/188 [05:37<00:12,  1.51s/it]
Loss: 0.2523:  96%|█████████████████████████▉ | 181/188 [05:37<00:10,  1.51s/it]
Loss: 0.2295:  96%|█████████████████████████▉ | 181/188 [05:39<00:10,  1.51s/it]
Loss: 0.2295:  97%|██████████████████████████▏| 182/188 [05:39<00:09,  1.51s/it]
Loss: 0.3089:  97%|██████████████████████████▏| 182/188 [05:40<00:09,  1.51s/it]
Loss: 0.3089:  97%|██████████████████████████▎| 183/188 [05:40<00:07,  1.51s/it]
Loss: 0.3698:  97%|██████████████████████████▎| 183/188 [05:42<00:07,  1.51s/it]
Loss: 0.3698:  98%|██████████████████████████▍| 184/188 [05:42<00:06,  1.51s/it]
Loss: 0.2309:  98%|██████████████████████████▍| 184/188 [05:43<00:06,  1.51s/it]
Loss: 0.2309:  98%|██████████████████████████▌| 185/188 [05:43<00:04,  1.51s/it]
Loss: 0.2691:  98%|██████████████████████████▌| 185/188 [05:45<00:04,  1.51s/it]
Loss: 0.2691:  99%|██████████████████████████▋| 186/188 [05:45<00:03,  1.51s/it]
Loss: 0.2588:  99%|██████████████████████████▋| 186/188 [05:46<00:03,  1.51s/it]
Loss: 0.2588:  99%|██████████████████████████▊| 187/188 [05:46<00:01,  1.50s/it]
Loss: 0.3517:  99%|██████████████████████████▊| 187/188 [05:47<00:01,  1.50s/it]
Loss: 0.3517: 100%|███████████████████████████| 188/188 [05:47<00:00,  1.29s/it]
Loss: 0.3517: 100%|███████████████████████████| 188/188 [05:49<00:00,  1.86s/it]
Epoch 6 Avg Loss: 0.2679
Saved Joint Model: runs/exp/UBFC-rPPG_SizeW128_SizeH128_ClipLength160_DataTypeDiffNormalized_DataAugNone_LabelTypeDiffNormalized_Crop_faceTrue_BackendHC_Large_boxTrue_Large_size1.5_Dyamic_DetFalse_det_len30_Median_face_boxFalse/./runs/exp/A/A1/_Joint_Epoch6.pth
==== Joint Validation ====

  0%|                                                    | 0/24 [00:00<?, ?it/s]
Val Loss: 0.4757:   0%|                                  | 0/24 [01:12<?, ?it/s]
Val Loss: 0.4757:   4%|█                         | 1/24 [01:12<27:40, 72.18s/it]
Val Loss: 0.3818:   4%|█                         | 1/24 [01:12<27:40, 72.18s/it]
Val Loss: 0.3818:   8%|██▏                       | 2/24 [01:12<11:01, 30.08s/it]
Val Loss: 0.3237:   8%|██▏                       | 2/24 [01:13<11:01, 30.08s/it]
Val Loss: 0.3237:  12%|███▎                      | 3/24 [01:13<05:49, 16.62s/it]
Val Loss: 0.5587:  12%|███▎                      | 3/24 [01:14<05:49, 16.62s/it]
Val Loss: 0.5587:  17%|████▎                     | 4/24 [01:14<03:25, 10.30s/it]
Val Loss: 0.4998:  17%|████▎                     | 4/24 [01:14<03:25, 10.30s/it]
Val Loss: 0.4998:  21%|█████▍                    | 5/24 [01:14<02:09,  6.81s/it]
Val Loss: 0.6050:  21%|█████▍                    | 5/24 [01:15<02:09,  6.81s/it]
Val Loss: 0.6050:  25%|██████▌                   | 6/24 [01:15<01:24,  4.70s/it]
Val Loss: 0.1636:  25%|██████▌                   | 6/24 [01:15<01:24,  4.70s/it]
Val Loss: 0.1636:  29%|███████▌                  | 7/24 [01:15<00:57,  3.36s/it]
Val Loss: 0.2025:  29%|███████▌                  | 7/24 [01:16<00:57,  3.36s/it]
Val Loss: 0.2025:  33%|████████▋                 | 8/24 [01:16<00:39,  2.48s/it]
Val Loss: 0.1702:  33%|████████▋                 | 8/24 [01:17<00:39,  2.48s/it]
Val Loss: 0.1702:  38%|█████████▊                | 9/24 [01:17<00:28,  1.89s/it]
Val Loss: 0.2644:  38%|█████████▊                | 9/24 [01:17<00:28,  1.89s/it]
Val Loss: 0.2644:  42%|██████████▍              | 10/24 [01:17<00:20,  1.49s/it]
Val Loss: 0.2878:  42%|██████████▍              | 10/24 [01:18<00:20,  1.49s/it]
Val Loss: 0.2878:  46%|███████████▍             | 11/24 [01:18<00:15,  1.21s/it]
Val Loss: 0.3568:  46%|███████████▍             | 11/24 [01:18<00:15,  1.21s/it]
Val Loss: 0.3568:  50%|████████████▌            | 12/24 [01:18<00:12,  1.02s/it]
Val Loss: 0.2183:  50%|████████████▌            | 12/24 [01:19<00:12,  1.02s/it]
Val Loss: 0.2183:  54%|█████████████▌           | 13/24 [01:19<00:09,  1.12it/s]
Val Loss: 0.2774:  54%|█████████████▌           | 13/24 [01:19<00:09,  1.12it/s]
Val Loss: 0.2774:  58%|██████████████▌          | 14/24 [01:19<00:08,  1.25it/s]
Val Loss: 0.2309:  58%|██████████████▌          | 14/24 [01:20<00:08,  1.25it/s]
Val Loss: 0.2309:  62%|███████████████▋         | 15/24 [01:20<00:06,  1.36it/s]
Val Loss: 0.3128:  62%|███████████████▋         | 15/24 [01:21<00:06,  1.36it/s]
Val Loss: 0.3128:  67%|████████████████▋        | 16/24 [01:21<00:05,  1.44it/s]
Val Loss: 0.4046:  67%|████████████████▋        | 16/24 [01:21<00:05,  1.44it/s]
Val Loss: 0.4046:  71%|█████████████████▋       | 17/24 [01:21<00:04,  1.50it/s]
Val Loss: 0.4631:  71%|█████████████████▋       | 17/24 [01:22<00:04,  1.50it/s]
Val Loss: 0.4631:  75%|██████████████████▊      | 18/24 [01:22<00:03,  1.56it/s]
Val Loss: 0.1934:  75%|██████████████████▊      | 18/24 [01:22<00:03,  1.56it/s]
Val Loss: 0.1934:  79%|███████████████████▊     | 19/24 [01:22<00:03,  1.60it/s]
Val Loss: 0.2430:  79%|███████████████████▊     | 19/24 [01:23<00:03,  1.60it/s]
Val Loss: 0.2430:  83%|████████████████████▊    | 20/24 [01:23<00:02,  1.62it/s]
Val Loss: 0.2881:  83%|████████████████████▊    | 20/24 [01:24<00:02,  1.62it/s]
Val Loss: 0.2881:  88%|█████████████████████▉   | 21/24 [01:24<00:01,  1.61it/s]
Val Loss: 0.3575:  88%|█████████████████████▉   | 21/24 [01:24<00:01,  1.61it/s]
Val Loss: 0.3575:  92%|██████████████████████▉  | 22/24 [01:24<00:01,  1.63it/s]
Val Loss: 0.4245:  92%|██████████████████████▉  | 22/24 [01:25<00:01,  1.63it/s]
Val Loss: 0.4245:  96%|███████████████████████▉ | 23/24 [01:25<00:00,  1.65it/s]
Val Loss: 0.4482:  96%|███████████████████████▉ | 23/24 [01:25<00:00,  1.65it/s]
Val Loss: 0.4482: 100%|█████████████████████████| 24/24 [01:25<00:00,  1.68it/s]
Val Loss: 0.4482: 100%|█████████████████████████| 24/24 [01:27<00:00,  3.66s/it]
Validation Average Loss: 0.3397
==== Joint Training Epoch: 7 ====

  0%|                                                   | 0/188 [00:00<?, ?it/s]
Loss: 0.1900:   0%|                                     | 0/188 [01:08<?, ?it/s]
Loss: 0.1900:   1%|▏                          | 1/188 [01:08<3:33:49, 68.61s/it]
Loss: 0.2516:   1%|▏                          | 1/188 [01:10<3:33:49, 68.61s/it]
Loss: 0.2516:   1%|▎                          | 2/188 [01:10<1:30:19, 29.14s/it]
Loss: 0.3459:   1%|▎                          | 2/188 [01:11<1:30:19, 29.14s/it]
Loss: 0.3459:   2%|▍                            | 3/188 [01:11<50:57, 16.53s/it]
Loss: 0.2374:   2%|▍                            | 3/188 [01:13<50:57, 16.53s/it]
Loss: 0.2374:   2%|▌                            | 4/188 [01:13<32:29, 10.59s/it]
Loss: 0.2616:   2%|▌                            | 4/188 [01:14<32:29, 10.59s/it]
Loss: 0.2616:   3%|▊                            | 5/188 [01:14<22:18,  7.31s/it]
Loss: 0.2513:   3%|▊                            | 5/188 [01:16<22:18,  7.31s/it]
Loss: 0.2513:   3%|▉                            | 6/188 [01:16<16:10,  5.33s/it]
Loss: 0.2266:   3%|▉                            | 6/188 [01:17<16:10,  5.33s/it]
Loss: 0.2266:   4%|█                            | 7/188 [01:17<12:16,  4.07s/it]
Loss: 0.1485:   4%|█                            | 7/188 [01:19<12:16,  4.07s/it]
Loss: 0.1485:   4%|█▏                           | 8/188 [01:19<09:44,  3.24s/it]
Loss: 0.3004:   4%|█▏                           | 8/188 [01:20<09:44,  3.24s/it]
Loss: 0.3004:   5%|█▍                           | 9/188 [01:20<08:01,  2.69s/it]
Loss: 0.1841:   5%|█▍                           | 9/188 [01:22<08:01,  2.69s/it]
Loss: 0.1841:   5%|█▍                          | 10/188 [01:22<06:51,  2.31s/it]
Loss: 0.2446:   5%|█▍                          | 10/188 [01:23<06:51,  2.31s/it]
Loss: 0.2446:   6%|█▋                          | 11/188 [01:23<06:03,  2.06s/it]
Loss: 0.2441:   6%|█▋                          | 11/188 [01:24<06:03,  2.06s/it]
Loss: 0.2441:   6%|█▊                          | 12/188 [01:24<05:30,  1.88s/it]
Loss: 0.2745:   6%|█▊                          | 12/188 [01:26<05:30,  1.88s/it]
Loss: 0.2745:   7%|█▉                          | 13/188 [01:26<05:07,  1.76s/it]
Loss: 0.1751:   7%|█▉                          | 13/188 [01:27<05:07,  1.76s/it]
Loss: 0.1751:   7%|██                          | 14/188 [01:27<04:50,  1.67s/it]
Loss: 0.2015:   7%|██                          | 14/188 [01:29<04:50,  1.67s/it]
Loss: 0.2015:   8%|██▏                         | 15/188 [01:29<04:38,  1.61s/it]
Loss: 0.3133:   8%|██▏                         | 15/188 [01:30<04:38,  1.61s/it]
Loss: 0.3133:   9%|██▍                         | 16/188 [01:30<04:30,  1.57s/it]
Loss: 0.2779:   9%|██▍                         | 16/188 [01:32<04:30,  1.57s/it]
Loss: 0.2779:   9%|██▌                         | 17/188 [01:32<04:24,  1.54s/it]
Loss: 0.2665:   9%|██▌                         | 17/188 [01:33<04:24,  1.54s/it]
Loss: 0.2665:  10%|██▋                         | 18/188 [01:33<04:19,  1.53s/it]
Loss: 0.2066:  10%|██▋                         | 18/188 [01:35<04:19,  1.53s/it]
Loss: 0.2066:  10%|██▊                         | 19/188 [01:35<04:15,  1.51s/it]
Loss: 0.2590:  10%|██▊                         | 19/188 [01:36<04:15,  1.51s/it]
Loss: 0.2590:  11%|██▉                         | 20/188 [01:36<04:12,  1.50s/it]
Loss: 0.2241:  11%|██▉                         | 20/188 [01:38<04:12,  1.50s/it]
Loss: 0.2241:  11%|███▏                        | 21/188 [01:38<04:08,  1.49s/it]
Loss: 0.2136:  11%|███▏                        | 21/188 [01:39<04:08,  1.49s/it]
Loss: 0.2136:  12%|███▎                        | 22/188 [01:39<04:06,  1.49s/it]
Loss: 0.3014:  12%|███▎                        | 22/188 [01:41<04:06,  1.49s/it]
Loss: 0.3014:  12%|███▍                        | 23/188 [01:41<04:04,  1.48s/it]
Loss: 0.1927:  12%|███▍                        | 23/188 [01:42<04:04,  1.48s/it]
Loss: 0.1927:  13%|███▌                        | 24/188 [01:42<04:02,  1.48s/it]
Loss: 0.2183:  13%|███▌                        | 24/188 [01:44<04:02,  1.48s/it]
Loss: 0.2183:  13%|███▋                        | 25/188 [01:44<04:00,  1.48s/it]
Loss: 0.2080:  13%|███▋                        | 25/188 [01:45<04:00,  1.48s/it]
Loss: 0.2080:  14%|███▊                        | 26/188 [01:45<03:59,  1.48s/it]
Loss: 0.3791:  14%|███▊                        | 26/188 [01:47<03:59,  1.48s/it]
Loss: 0.3791:  14%|████                        | 27/188 [01:47<03:57,  1.47s/it]
Loss: 0.2091:  14%|████                        | 27/188 [01:48<03:57,  1.47s/it]
Loss: 0.2091:  15%|████▏                       | 28/188 [01:48<03:55,  1.47s/it]
Loss: 0.2073:  15%|████▏                       | 28/188 [01:50<03:55,  1.47s/it]
Loss: 0.2073:  15%|████▎                       | 29/188 [01:50<03:54,  1.48s/it]
Loss: 0.2181:  15%|████▎                       | 29/188 [01:51<03:54,  1.48s/it]
Loss: 0.2181:  16%|████▍                       | 30/188 [01:51<03:52,  1.47s/it]
Loss: 0.3613:  16%|████▍                       | 30/188 [01:52<03:52,  1.47s/it]
Loss: 0.3613:  16%|████▌                       | 31/188 [01:52<03:52,  1.48s/it]
Loss: 0.2816:  16%|████▌                       | 31/188 [01:54<03:52,  1.48s/it]
Loss: 0.2816:  17%|████▊                       | 32/188 [01:54<03:51,  1.49s/it]
Loss: 0.2163:  17%|████▊                       | 32/188 [01:55<03:51,  1.49s/it]
Loss: 0.2163:  18%|████▉                       | 33/188 [01:55<03:49,  1.48s/it]
Loss: 0.2472:  18%|████▉                       | 33/188 [01:57<03:49,  1.48s/it]
Loss: 0.2472:  18%|█████                       | 34/188 [01:57<03:47,  1.48s/it]
Loss: 0.2681:  18%|█████                       | 34/188 [01:58<03:47,  1.48s/it]
Loss: 0.2681:  19%|█████▏                      | 35/188 [01:58<03:46,  1.48s/it]
Loss: 0.2439:  19%|█████▏                      | 35/188 [02:00<03:46,  1.48s/it]
Loss: 0.2439:  19%|█████▎                      | 36/188 [02:00<03:44,  1.48s/it]
Loss: 0.2235:  19%|█████▎                      | 36/188 [02:01<03:44,  1.48s/it]
Loss: 0.2235:  20%|█████▌                      | 37/188 [02:01<03:43,  1.48s/it]
Loss: 0.2979:  20%|█████▌                      | 37/188 [02:03<03:43,  1.48s/it]
Loss: 0.2979:  20%|█████▋                      | 38/188 [02:03<03:41,  1.48s/it]
Loss: 0.2891:  20%|█████▋                      | 38/188 [02:04<03:41,  1.48s/it]
Loss: 0.2891:  21%|█████▊                      | 39/188 [02:04<03:40,  1.48s/it]
Loss: 0.2104:  21%|█████▊                      | 39/188 [02:06<03:40,  1.48s/it]
Loss: 0.2104:  21%|█████▉                      | 40/188 [02:06<03:38,  1.48s/it]
Loss: 0.1551:  21%|█████▉                      | 40/188 [02:07<03:38,  1.48s/it]
Loss: 0.1551:  22%|██████                      | 41/188 [02:07<03:37,  1.48s/it]
Loss: 0.2997:  22%|██████                      | 41/188 [02:09<03:37,  1.48s/it]
Loss: 0.2997:  22%|██████▎                     | 42/188 [02:09<03:35,  1.48s/it]
Loss: 0.2209:  22%|██████▎                     | 42/188 [02:10<03:35,  1.48s/it]
Loss: 0.2209:  23%|██████▍                     | 43/188 [02:10<03:34,  1.48s/it]
Loss: 0.1811:  23%|██████▍                     | 43/188 [02:12<03:34,  1.48s/it]
Loss: 0.1811:  23%|██████▌                     | 44/188 [02:12<03:32,  1.48s/it]
Loss: 0.2927:  23%|██████▌                     | 44/188 [02:13<03:32,  1.48s/it]
Loss: 0.2927:  24%|██████▋                     | 45/188 [02:13<03:31,  1.48s/it]
Loss: 0.2514:  24%|██████▋                     | 45/188 [02:15<03:31,  1.48s/it]
Loss: 0.2514:  24%|██████▊                     | 46/188 [02:15<03:30,  1.48s/it]
Loss: 0.2340:  24%|██████▊                     | 46/188 [02:16<03:30,  1.48s/it]
Loss: 0.2340:  25%|███████                     | 47/188 [02:16<03:29,  1.48s/it]
Loss: 0.1621:  25%|███████                     | 47/188 [02:18<03:29,  1.48s/it]
Loss: 0.1621:  26%|███████▏                    | 48/188 [02:18<03:27,  1.48s/it]
Loss: 0.2170:  26%|███████▏                    | 48/188 [02:19<03:27,  1.48s/it]
Loss: 0.2170:  26%|███████▎                    | 49/188 [02:19<03:26,  1.48s/it]
Loss: 0.2573:  26%|███████▎                    | 49/188 [02:21<03:26,  1.48s/it]
Loss: 0.2573:  27%|███████▍                    | 50/188 [02:21<03:24,  1.48s/it]
Loss: 0.1980:  27%|███████▍                    | 50/188 [02:22<03:24,  1.48s/it]
Loss: 0.1980:  27%|███████▌                    | 51/188 [02:22<03:23,  1.48s/it]
Loss: 0.2387:  27%|███████▌                    | 51/188 [02:24<03:23,  1.48s/it]
Loss: 0.2387:  28%|███████▋                    | 52/188 [02:24<03:21,  1.48s/it]
Loss: 0.2481:  28%|███████▋                    | 52/188 [02:25<03:21,  1.48s/it]
Loss: 0.2481:  28%|███████▉                    | 53/188 [02:25<03:20,  1.48s/it]
Loss: 0.3351:  28%|███████▉                    | 53/188 [02:27<03:20,  1.48s/it]
Loss: 0.3351:  29%|████████                    | 54/188 [02:27<03:18,  1.48s/it]
Loss: 0.2679:  29%|████████                    | 54/188 [02:28<03:18,  1.48s/it]
Loss: 0.2679:  29%|████████▏                   | 55/188 [02:28<03:17,  1.48s/it]
Loss: 0.2838:  29%|████████▏                   | 55/188 [02:30<03:17,  1.48s/it]
Loss: 0.2838:  30%|████████▎                   | 56/188 [02:30<03:15,  1.48s/it]
Loss: 0.1999:  30%|████████▎                   | 56/188 [02:31<03:15,  1.48s/it]
Loss: 0.1999:  30%|████████▍                   | 57/188 [02:31<03:14,  1.48s/it]
Loss: 0.2696:  30%|████████▍                   | 57/188 [02:32<03:14,  1.48s/it]
Loss: 0.2696:  31%|████████▋                   | 58/188 [02:32<03:12,  1.48s/it]
Loss: 0.2196:  31%|████████▋                   | 58/188 [02:34<03:12,  1.48s/it]
Loss: 0.2196:  31%|████████▊                   | 59/188 [02:34<03:11,  1.48s/it]
Loss: 0.3438:  31%|████████▊                   | 59/188 [02:35<03:11,  1.48s/it]
Loss: 0.3438:  32%|████████▉                   | 60/188 [02:35<03:10,  1.49s/it]
Loss: 0.2986:  32%|████████▉                   | 60/188 [02:37<03:10,  1.49s/it]
Loss: 0.2986:  32%|█████████                   | 61/188 [02:37<03:08,  1.48s/it]
Loss: 0.3105:  32%|█████████                   | 61/188 [02:38<03:08,  1.48s/it]
Loss: 0.3105:  33%|█████████▏                  | 62/188 [02:38<03:07,  1.49s/it]
Loss: 0.2061:  33%|█████████▏                  | 62/188 [02:40<03:07,  1.49s/it]
Loss: 0.2061:  34%|█████████▍                  | 63/188 [02:40<03:05,  1.48s/it]
Loss: 0.2896:  34%|█████████▍                  | 63/188 [02:41<03:05,  1.48s/it]
Loss: 0.2896:  34%|█████████▌                  | 64/188 [02:41<03:03,  1.48s/it]
Loss: 0.2131:  34%|█████████▌                  | 64/188 [02:43<03:03,  1.48s/it]
Loss: 0.2131:  35%|█████████▋                  | 65/188 [02:43<03:02,  1.48s/it]
Loss: 0.3129:  35%|█████████▋                  | 65/188 [02:44<03:02,  1.48s/it]
Loss: 0.3129:  35%|█████████▊                  | 66/188 [02:44<03:00,  1.48s/it]
Loss: 0.2931:  35%|█████████▊                  | 66/188 [02:46<03:00,  1.48s/it]
Loss: 0.2931:  36%|█████████▉                  | 67/188 [02:46<02:59,  1.48s/it]
Loss: 0.2265:  36%|█████████▉                  | 67/188 [02:47<02:59,  1.48s/it]
Loss: 0.2265:  36%|██████████▏                 | 68/188 [02:47<02:57,  1.48s/it]
Loss: 0.2152:  36%|██████████▏                 | 68/188 [02:49<02:57,  1.48s/it]
Loss: 0.2152:  37%|██████████▎                 | 69/188 [02:49<02:56,  1.48s/it]
Loss: 0.2356:  37%|██████████▎                 | 69/188 [02:50<02:56,  1.48s/it]
Loss: 0.2356:  37%|██████████▍                 | 70/188 [02:50<02:54,  1.48s/it]
Loss: 0.3258:  37%|██████████▍                 | 70/188 [02:52<02:54,  1.48s/it]
Loss: 0.3258:  38%|██████████▌                 | 71/188 [02:52<02:53,  1.48s/it]
Loss: 0.1332:  38%|██████████▌                 | 71/188 [02:53<02:53,  1.48s/it]
Loss: 0.1332:  38%|██████████▋                 | 72/188 [02:53<02:52,  1.48s/it]
Loss: 0.3112:  38%|██████████▋                 | 72/188 [02:55<02:52,  1.48s/it]
Loss: 0.3112:  39%|██████████▊                 | 73/188 [02:55<02:50,  1.48s/it]
Loss: 0.2975:  39%|██████████▊                 | 73/188 [02:56<02:50,  1.48s/it]
Loss: 0.2975:  39%|███████████                 | 74/188 [02:56<02:49,  1.48s/it]
Loss: 0.2651:  39%|███████████                 | 74/188 [02:58<02:49,  1.48s/it]
Loss: 0.2651:  40%|███████████▏                | 75/188 [02:58<02:47,  1.48s/it]
Loss: 0.3019:  40%|███████████▏                | 75/188 [02:59<02:47,  1.48s/it]
Loss: 0.3019:  40%|███████████▎                | 76/188 [02:59<02:46,  1.48s/it]
Loss: 0.2729:  40%|███████████▎                | 76/188 [03:01<02:46,  1.48s/it]
Loss: 0.2729:  41%|███████████▍                | 77/188 [03:01<02:44,  1.48s/it]
Loss: 0.2745:  41%|███████████▍                | 77/188 [03:02<02:44,  1.48s/it]
Loss: 0.2745:  41%|███████████▌                | 78/188 [03:02<02:43,  1.48s/it]
Loss: 0.3211:  41%|███████████▌                | 78/188 [03:04<02:43,  1.48s/it]
Loss: 0.3211:  42%|███████████▊                | 79/188 [03:04<02:41,  1.48s/it]
Loss: 0.1746:  42%|███████████▊                | 79/188 [03:05<02:41,  1.48s/it]
Loss: 0.1746:  43%|███████████▉                | 80/188 [03:05<02:40,  1.49s/it]
Loss: 0.2836:  43%|███████████▉                | 80/188 [03:07<02:40,  1.49s/it]
Loss: 0.2836:  43%|████████████                | 81/188 [03:07<02:39,  1.49s/it]
Loss: 0.1653:  43%|████████████                | 81/188 [03:08<02:39,  1.49s/it]
Loss: 0.1653:  44%|████████████▏               | 82/188 [03:08<02:37,  1.49s/it]
Loss: 0.3725:  44%|████████████▏               | 82/188 [03:10<02:37,  1.49s/it]
Loss: 0.3725:  44%|████████████▎               | 83/188 [03:10<02:35,  1.48s/it]
Loss: 0.2537:  44%|████████████▎               | 83/188 [03:11<02:35,  1.48s/it]
Loss: 0.2537:  45%|████████████▌               | 84/188 [03:11<02:34,  1.48s/it]
Loss: 0.1830:  45%|████████████▌               | 84/188 [03:13<02:34,  1.48s/it]
Loss: 0.1830:  45%|████████████▋               | 85/188 [03:13<02:32,  1.48s/it]
Loss: 0.2567:  45%|████████████▋               | 85/188 [03:14<02:32,  1.48s/it]
Loss: 0.2567:  46%|████████████▊               | 86/188 [03:14<02:31,  1.48s/it]
Loss: 0.2852:  46%|████████████▊               | 86/188 [03:16<02:31,  1.48s/it]
Loss: 0.2852:  46%|████████████▉               | 87/188 [03:16<02:29,  1.48s/it]
Loss: 0.2744:  46%|████████████▉               | 87/188 [03:17<02:29,  1.48s/it]
Loss: 0.2744:  47%|█████████████               | 88/188 [03:17<02:28,  1.48s/it]
Loss: 0.4045:  47%|█████████████               | 88/188 [03:18<02:28,  1.48s/it]
Loss: 0.4045:  47%|█████████████▎              | 89/188 [03:18<02:26,  1.48s/it]
Loss: 0.2792:  47%|█████████████▎              | 89/188 [03:20<02:26,  1.48s/it]
Loss: 0.2792:  48%|█████████████▍              | 90/188 [03:20<02:25,  1.48s/it]
Loss: 0.2731:  48%|█████████████▍              | 90/188 [03:21<02:25,  1.48s/it]
Loss: 0.2731:  48%|█████████████▌              | 91/188 [03:21<02:23,  1.48s/it]
Loss: 0.2941:  48%|█████████████▌              | 91/188 [03:23<02:23,  1.48s/it]
Loss: 0.2941:  49%|█████████████▋              | 92/188 [03:23<02:22,  1.48s/it]
Loss: 0.2675:  49%|█████████████▋              | 92/188 [03:24<02:22,  1.48s/it]
Loss: 0.2675:  49%|█████████████▊              | 93/188 [03:24<02:20,  1.48s/it]
Loss: 0.2596:  49%|█████████████▊              | 93/188 [03:26<02:20,  1.48s/it]
Loss: 0.2596:  50%|██████████████              | 94/188 [03:26<02:19,  1.48s/it]
Loss: 0.1990:  50%|██████████████              | 94/188 [03:27<02:19,  1.48s/it]
Loss: 0.1990:  51%|██████████████▏             | 95/188 [03:27<02:17,  1.48s/it]
Loss: 0.2587:  51%|██████████████▏             | 95/188 [03:29<02:17,  1.48s/it]
Loss: 0.2587:  51%|██████████████▎             | 96/188 [03:29<02:16,  1.48s/it]
Loss: 0.2660:  51%|██████████████▎             | 96/188 [03:30<02:16,  1.48s/it]
Loss: 0.2660:  52%|██████████████▍             | 97/188 [03:30<02:14,  1.48s/it]
Loss: 0.3167:  52%|██████████████▍             | 97/188 [03:32<02:14,  1.48s/it]
Loss: 0.3167:  52%|██████████████▌             | 98/188 [03:32<02:13,  1.48s/it]
Loss: 0.3733:  52%|██████████████▌             | 98/188 [03:33<02:13,  1.48s/it]
Loss: 0.3733:  53%|██████████████▋             | 99/188 [03:33<02:11,  1.48s/it]
Loss: 0.2412:  53%|██████████████▋             | 99/188 [03:35<02:11,  1.48s/it]
Loss: 0.2412:  53%|██████████████▎            | 100/188 [03:35<02:10,  1.48s/it]
Loss: 0.3474:  53%|██████████████▎            | 100/188 [03:36<02:10,  1.48s/it]
Loss: 0.3474:  54%|██████████████▌            | 101/188 [03:36<02:09,  1.48s/it]
Loss: 0.2120:  54%|██████████████▌            | 101/188 [03:38<02:09,  1.48s/it]
Loss: 0.2120:  54%|██████████████▋            | 102/188 [03:38<02:07,  1.49s/it]
Loss: 0.1791:  54%|██████████████▋            | 102/188 [03:39<02:07,  1.49s/it]
Loss: 0.1791:  55%|██████████████▊            | 103/188 [03:39<02:06,  1.49s/it]
Loss: 0.1914:  55%|██████████████▊            | 103/188 [03:41<02:06,  1.49s/it]
Loss: 0.1914:  55%|██████████████▉            | 104/188 [03:41<02:04,  1.48s/it]
Loss: 0.2121:  55%|██████████████▉            | 104/188 [03:42<02:04,  1.48s/it]
Loss: 0.2121:  56%|███████████████            | 105/188 [03:42<02:03,  1.48s/it]
Loss: 0.2755:  56%|███████████████            | 105/188 [03:44<02:03,  1.48s/it]
Loss: 0.2755:  56%|███████████████▏           | 106/188 [03:44<02:01,  1.48s/it]
Loss: 0.2619:  56%|███████████████▏           | 106/188 [03:45<02:01,  1.48s/it]
Loss: 0.2619:  57%|███████████████▎           | 107/188 [03:45<02:00,  1.48s/it]
Loss: 0.2526:  57%|███████████████▎           | 107/188 [03:47<02:00,  1.48s/it]
Loss: 0.2526:  57%|███████████████▌           | 108/188 [03:47<01:58,  1.48s/it]
Loss: 0.2950:  57%|███████████████▌           | 108/188 [03:48<01:58,  1.48s/it]
Loss: 0.2950:  58%|███████████████▋           | 109/188 [03:48<01:57,  1.48s/it]
Loss: 0.2478:  58%|███████████████▋           | 109/188 [03:50<01:57,  1.48s/it]
Loss: 0.2478:  59%|███████████████▊           | 110/188 [03:50<01:55,  1.48s/it]
Loss: 0.2781:  59%|███████████████▊           | 110/188 [03:51<01:55,  1.48s/it]
Loss: 0.2781:  59%|███████████████▉           | 111/188 [03:51<01:54,  1.48s/it]
Loss: 0.2502:  59%|███████████████▉           | 111/188 [03:53<01:54,  1.48s/it]
Loss: 0.2502:  60%|████████████████           | 112/188 [03:53<01:52,  1.49s/it]
Loss: 0.2944:  60%|████████████████           | 112/188 [03:54<01:52,  1.49s/it]
Loss: 0.2944:  60%|████████████████▏          | 113/188 [03:54<01:51,  1.49s/it]
Loss: 0.2591:  60%|████████████████▏          | 113/188 [03:56<01:51,  1.49s/it]
Loss: 0.2591:  61%|████████████████▎          | 114/188 [03:56<01:50,  1.49s/it]
Loss: 0.2109:  61%|████████████████▎          | 114/188 [03:57<01:50,  1.49s/it]
Loss: 0.2109:  61%|████████████████▌          | 115/188 [03:57<01:48,  1.49s/it]
Loss: 0.2515:  61%|████████████████▌          | 115/188 [03:59<01:48,  1.49s/it]
Loss: 0.2515:  62%|████████████████▋          | 116/188 [03:59<01:47,  1.49s/it]
Loss: 0.2824:  62%|████████████████▋          | 116/188 [04:00<01:47,  1.49s/it]
Loss: 0.2824:  62%|████████████████▊          | 117/188 [04:00<01:45,  1.49s/it]
Loss: 0.2231:  62%|████████████████▊          | 117/188 [04:02<01:45,  1.49s/it]
Loss: 0.2231:  63%|████████████████▉          | 118/188 [04:02<01:43,  1.49s/it]
Loss: 0.3074:  63%|████████████████▉          | 118/188 [04:03<01:43,  1.49s/it]
Loss: 0.3074:  63%|█████████████████          | 119/188 [04:03<01:42,  1.48s/it]
Loss: 0.2421:  63%|█████████████████          | 119/188 [04:05<01:42,  1.48s/it]
Loss: 0.2421:  64%|█████████████████▏         | 120/188 [04:05<01:40,  1.48s/it]
Loss: 0.2099:  64%|█████████████████▏         | 120/188 [04:06<01:40,  1.48s/it]
Loss: 0.2099:  64%|█████████████████▍         | 121/188 [04:06<01:39,  1.48s/it]
Loss: 0.2954:  64%|█████████████████▍         | 121/188 [04:07<01:39,  1.48s/it]
Loss: 0.2954:  65%|█████████████████▌         | 122/188 [04:07<01:37,  1.48s/it]
Loss: 0.2174:  65%|█████████████████▌         | 122/188 [04:09<01:37,  1.48s/it]
Loss: 0.2174:  65%|█████████████████▋         | 123/188 [04:09<01:36,  1.49s/it]
Loss: 0.2498:  65%|█████████████████▋         | 123/188 [04:10<01:36,  1.49s/it]
Loss: 0.2498:  66%|█████████████████▊         | 124/188 [04:10<01:35,  1.49s/it]
Loss: 0.3976:  66%|█████████████████▊         | 124/188 [04:12<01:35,  1.49s/it]
Loss: 0.3976:  66%|█████████████████▉         | 125/188 [04:12<01:33,  1.49s/it]
Loss: 0.3009:  66%|█████████████████▉         | 125/188 [04:13<01:33,  1.49s/it]
Loss: 0.3009:  67%|██████████████████         | 126/188 [04:13<01:32,  1.49s/it]
Loss: 0.3158:  67%|██████████████████         | 126/188 [04:15<01:32,  1.49s/it]
Loss: 0.3158:  68%|██████████████████▏        | 127/188 [04:15<01:30,  1.49s/it]
Loss: 0.2644:  68%|██████████████████▏        | 127/188 [04:16<01:30,  1.49s/it]
Loss: 0.2644:  68%|██████████████████▍        | 128/188 [04:16<01:29,  1.49s/it]
Loss: 0.2054:  68%|██████████████████▍        | 128/188 [04:18<01:29,  1.49s/it]
Loss: 0.2054:  69%|██████████████████▌        | 129/188 [04:18<01:27,  1.49s/it]
Loss: 0.2537:  69%|██████████████████▌        | 129/188 [04:19<01:27,  1.49s/it]
Loss: 0.2537:  69%|██████████████████▋        | 130/188 [04:19<01:26,  1.48s/it]
Loss: 0.2479:  69%|██████████████████▋        | 130/188 [04:21<01:26,  1.48s/it]
Loss: 0.2479:  70%|██████████████████▊        | 131/188 [04:21<01:24,  1.48s/it]
Loss: 0.3042:  70%|██████████████████▊        | 131/188 [04:22<01:24,  1.48s/it]
Loss: 0.3042:  70%|██████████████████▉        | 132/188 [04:22<01:23,  1.49s/it]
Loss: 0.2263:  70%|██████████████████▉        | 132/188 [04:24<01:23,  1.49s/it]
Loss: 0.2263:  71%|███████████████████        | 133/188 [04:24<01:21,  1.48s/it]
Loss: 0.3522:  71%|███████████████████        | 133/188 [04:25<01:21,  1.48s/it]
Loss: 0.3522:  71%|███████████████████▏       | 134/188 [04:25<01:20,  1.49s/it]
Loss: 0.2475:  71%|███████████████████▏       | 134/188 [04:27<01:20,  1.49s/it]
Loss: 0.2475:  72%|███████████████████▍       | 135/188 [04:27<01:18,  1.49s/it]
Loss: 0.2302:  72%|███████████████████▍       | 135/188 [04:28<01:18,  1.49s/it]
Loss: 0.2302:  72%|███████████████████▌       | 136/188 [04:28<01:17,  1.49s/it]
Loss: 0.3201:  72%|███████████████████▌       | 136/188 [04:30<01:17,  1.49s/it]
Loss: 0.3201:  73%|███████████████████▋       | 137/188 [04:30<01:15,  1.49s/it]
Loss: 0.3649:  73%|███████████████████▋       | 137/188 [04:31<01:15,  1.49s/it]
Loss: 0.3649:  73%|███████████████████▊       | 138/188 [04:31<01:14,  1.49s/it]
Loss: 0.2460:  73%|███████████████████▊       | 138/188 [04:33<01:14,  1.49s/it]
Loss: 0.2460:  74%|███████████████████▉       | 139/188 [04:33<01:13,  1.49s/it]
Loss: 0.3668:  74%|███████████████████▉       | 139/188 [04:34<01:13,  1.49s/it]
Loss: 0.3668:  74%|████████████████████       | 140/188 [04:34<01:11,  1.49s/it]
Loss: 0.2491:  74%|████████████████████       | 140/188 [04:36<01:11,  1.49s/it]
Loss: 0.2491:  75%|████████████████████▎      | 141/188 [04:36<01:10,  1.49s/it]
Loss: 0.2956:  75%|████████████████████▎      | 141/188 [04:37<01:10,  1.49s/it]
Loss: 0.2956:  76%|████████████████████▍      | 142/188 [04:37<01:08,  1.49s/it]
Loss: 0.2532:  76%|████████████████████▍      | 142/188 [04:39<01:08,  1.49s/it]
Loss: 0.2532:  76%|████████████████████▌      | 143/188 [04:39<01:07,  1.49s/it]
Loss: 0.2233:  76%|████████████████████▌      | 143/188 [04:40<01:07,  1.49s/it]
Loss: 0.2233:  77%|████████████████████▋      | 144/188 [04:40<01:05,  1.49s/it]
Loss: 0.1232:  77%|████████████████████▋      | 144/188 [04:42<01:05,  1.49s/it]
Loss: 0.1232:  77%|████████████████████▊      | 145/188 [04:42<01:04,  1.49s/it]
Loss: 0.2365:  77%|████████████████████▊      | 145/188 [04:43<01:04,  1.49s/it]
Loss: 0.2365:  78%|████████████████████▉      | 146/188 [04:43<01:02,  1.49s/it]
Loss: 0.2117:  78%|████████████████████▉      | 146/188 [04:45<01:02,  1.49s/it]
Loss: 0.2117:  78%|█████████████████████      | 147/188 [04:45<01:01,  1.49s/it]
Loss: 0.2108:  78%|█████████████████████      | 147/188 [04:46<01:01,  1.49s/it]
Loss: 0.2108:  79%|█████████████████████▎     | 148/188 [04:46<00:59,  1.50s/it]
Loss: 0.2193:  79%|█████████████████████▎     | 148/188 [04:48<00:59,  1.50s/it]
Loss: 0.2193:  79%|█████████████████████▍     | 149/188 [04:48<00:58,  1.50s/it]
Loss: 0.2207:  79%|█████████████████████▍     | 149/188 [04:49<00:58,  1.50s/it]
Loss: 0.2207:  80%|█████████████████████▌     | 150/188 [04:49<00:56,  1.49s/it]
Loss: 0.2444:  80%|█████████████████████▌     | 150/188 [04:51<00:56,  1.49s/it]
Loss: 0.2444:  80%|█████████████████████▋     | 151/188 [04:51<00:55,  1.49s/it]
Loss: 0.2453:  80%|█████████████████████▋     | 151/188 [04:52<00:55,  1.49s/it]
Loss: 0.2453:  81%|█████████████████████▊     | 152/188 [04:52<00:53,  1.49s/it]
Loss: 0.2984:  81%|█████████████████████▊     | 152/188 [04:54<00:53,  1.49s/it]
Loss: 0.2984:  81%|█████████████████████▉     | 153/188 [04:54<00:52,  1.49s/it]
Loss: 0.2502:  81%|█████████████████████▉     | 153/188 [04:55<00:52,  1.49s/it]
Loss: 0.2502:  82%|██████████████████████     | 154/188 [04:55<00:50,  1.49s/it]
Loss: 0.2240:  82%|██████████████████████     | 154/188 [04:57<00:50,  1.49s/it]
Loss: 0.2240:  82%|██████████████████████▎    | 155/188 [04:57<00:49,  1.49s/it]
Loss: 0.2000:  82%|██████████████████████▎    | 155/188 [04:58<00:49,  1.49s/it]
Loss: 0.2000:  83%|██████████████████████▍    | 156/188 [04:58<00:47,  1.49s/it]
Loss: 0.2145:  83%|██████████████████████▍    | 156/188 [05:00<00:47,  1.49s/it]
Loss: 0.2145:  84%|██████████████████████▌    | 157/188 [05:00<00:46,  1.49s/it]
Loss: 0.2549:  84%|██████████████████████▌    | 157/188 [05:01<00:46,  1.49s/it]
Loss: 0.2549:  84%|██████████████████████▋    | 158/188 [05:01<00:44,  1.49s/it]
Loss: 0.2091:  84%|██████████████████████▋    | 158/188 [05:03<00:44,  1.49s/it]
Loss: 0.2091:  85%|██████████████████████▊    | 159/188 [05:03<00:43,  1.49s/it]
Loss: 0.1934:  85%|██████████████████████▊    | 159/188 [05:04<00:43,  1.49s/it]
Loss: 0.1934:  85%|██████████████████████▉    | 160/188 [05:04<00:41,  1.49s/it]
Loss: 0.3287:  85%|██████████████████████▉    | 160/188 [05:06<00:41,  1.49s/it]
Loss: 0.3287:  86%|███████████████████████    | 161/188 [05:06<00:40,  1.49s/it]
Loss: 0.2647:  86%|███████████████████████    | 161/188 [05:07<00:40,  1.49s/it]
Loss: 0.2647:  86%|███████████████████████▎   | 162/188 [05:07<00:38,  1.48s/it]
Loss: 0.1620:  86%|███████████████████████▎   | 162/188 [05:09<00:38,  1.48s/it]
Loss: 0.1620:  87%|███████████████████████▍   | 163/188 [05:09<00:37,  1.48s/it]
Loss: 0.3344:  87%|███████████████████████▍   | 163/188 [05:10<00:37,  1.48s/it]
Loss: 0.3344:  87%|███████████████████████▌   | 164/188 [05:10<00:35,  1.48s/it]
Loss: 0.2972:  87%|███████████████████████▌   | 164/188 [05:11<00:35,  1.48s/it]
Loss: 0.2972:  88%|███████████████████████▋   | 165/188 [05:11<00:34,  1.49s/it]
Loss: 0.2443:  88%|███████████████████████▋   | 165/188 [05:13<00:34,  1.49s/it]
Loss: 0.2443:  88%|███████████████████████▊   | 166/188 [05:13<00:32,  1.48s/it]
Loss: 0.2323:  88%|███████████████████████▊   | 166/188 [05:14<00:32,  1.48s/it]
Loss: 0.2323:  89%|███████████████████████▉   | 167/188 [05:14<00:31,  1.48s/it]
Loss: 0.2283:  89%|███████████████████████▉   | 167/188 [05:16<00:31,  1.48s/it]
Loss: 0.2283:  89%|████████████████████████▏  | 168/188 [05:16<00:29,  1.48s/it]
Loss: 0.2578:  89%|████████████████████████▏  | 168/188 [05:17<00:29,  1.48s/it]
Loss: 0.2578:  90%|████████████████████████▎  | 169/188 [05:17<00:28,  1.49s/it]
Loss: 0.3299:  90%|████████████████████████▎  | 169/188 [05:19<00:28,  1.49s/it]
Loss: 0.3299:  90%|████████████████████████▍  | 170/188 [05:19<00:26,  1.49s/it]
Loss: 0.3481:  90%|████████████████████████▍  | 170/188 [05:20<00:26,  1.49s/it]
Loss: 0.3481:  91%|████████████████████████▌  | 171/188 [05:20<00:25,  1.49s/it]
Loss: 0.2410:  91%|████████████████████████▌  | 171/188 [05:22<00:25,  1.49s/it]
Loss: 0.2410:  91%|████████████████████████▋  | 172/188 [05:22<00:23,  1.49s/it]
Loss: 0.2933:  91%|████████████████████████▋  | 172/188 [05:23<00:23,  1.49s/it]
Loss: 0.2933:  92%|████████████████████████▊  | 173/188 [05:23<00:22,  1.48s/it]
Loss: 0.2187:  92%|████████████████████████▊  | 173/188 [05:25<00:22,  1.48s/it]
Loss: 0.2187:  93%|████████████████████████▉  | 174/188 [05:25<00:20,  1.48s/it]
Loss: 0.3490:  93%|████████████████████████▉  | 174/188 [05:26<00:20,  1.48s/it]
Loss: 0.3490:  93%|█████████████████████████▏ | 175/188 [05:26<00:19,  1.49s/it]
Loss: 0.1929:  93%|█████████████████████████▏ | 175/188 [05:28<00:19,  1.49s/it]
Loss: 0.1929:  94%|█████████████████████████▎ | 176/188 [05:28<00:17,  1.49s/it]
Loss: 0.2935:  94%|█████████████████████████▎ | 176/188 [05:29<00:17,  1.49s/it]
Loss: 0.2935:  94%|█████████████████████████▍ | 177/188 [05:29<00:16,  1.49s/it]
Loss: 0.3408:  94%|█████████████████████████▍ | 177/188 [05:31<00:16,  1.49s/it]
Loss: 0.3408:  95%|█████████████████████████▌ | 178/188 [05:31<00:14,  1.49s/it]
Loss: 0.1828:  95%|█████████████████████████▌ | 178/188 [05:32<00:14,  1.49s/it]
Loss: 0.1828:  95%|█████████████████████████▋ | 179/188 [05:32<00:13,  1.49s/it]
Loss: 0.2297:  95%|█████████████████████████▋ | 179/188 [05:34<00:13,  1.49s/it]
Loss: 0.2297:  96%|█████████████████████████▊ | 180/188 [05:34<00:11,  1.49s/it]
Loss: 0.1539:  96%|█████████████████████████▊ | 180/188 [05:35<00:11,  1.49s/it]
Loss: 0.1539:  96%|█████████████████████████▉ | 181/188 [05:35<00:10,  1.49s/it]
Loss: 0.2693:  96%|█████████████████████████▉ | 181/188 [05:37<00:10,  1.49s/it]
Loss: 0.2693:  97%|██████████████████████████▏| 182/188 [05:37<00:08,  1.49s/it]
Loss: 0.2437:  97%|██████████████████████████▏| 182/188 [05:38<00:08,  1.49s/it]
Loss: 0.2437:  97%|██████████████████████████▎| 183/188 [05:38<00:07,  1.49s/it]
Loss: 0.1940:  97%|██████████████████████████▎| 183/188 [05:40<00:07,  1.49s/it]
Loss: 0.1940:  98%|██████████████████████████▍| 184/188 [05:40<00:05,  1.49s/it]
Loss: 0.2563:  98%|██████████████████████████▍| 184/188 [05:41<00:05,  1.49s/it]
Loss: 0.2563:  98%|██████████████████████████▌| 185/188 [05:41<00:04,  1.49s/it]
Loss: 0.2264:  98%|██████████████████████████▌| 185/188 [05:43<00:04,  1.49s/it]
Loss: 0.2264:  99%|██████████████████████████▋| 186/188 [05:43<00:02,  1.49s/it]
Loss: 0.2280:  99%|██████████████████████████▋| 186/188 [05:44<00:02,  1.49s/it]
Loss: 0.2280:  99%|██████████████████████████▊| 187/188 [05:44<00:01,  1.49s/it]
Loss: 0.2002:  99%|██████████████████████████▊| 187/188 [05:45<00:01,  1.49s/it]
Loss: 0.2002: 100%|███████████████████████████| 188/188 [05:45<00:00,  1.28s/it]
Loss: 0.2002: 100%|███████████████████████████| 188/188 [05:47<00:00,  1.85s/it]
Epoch 7 Avg Loss: 0.2550
Saved Joint Model: runs/exp/UBFC-rPPG_SizeW128_SizeH128_ClipLength160_DataTypeDiffNormalized_DataAugNone_LabelTypeDiffNormalized_Crop_faceTrue_BackendHC_Large_boxTrue_Large_size1.5_Dyamic_DetFalse_det_len30_Median_face_boxFalse/./runs/exp/A/A1/_Joint_Epoch7.pth
==== Joint Validation ====

  0%|                                                    | 0/24 [00:00<?, ?it/s]
Val Loss: 0.5056:   0%|                                  | 0/24 [01:09<?, ?it/s]
Val Loss: 0.5056:   4%|█                         | 1/24 [01:09<26:38, 69.49s/it]
Val Loss: 0.4082:   4%|█                         | 1/24 [01:10<26:38, 69.49s/it]
Val Loss: 0.4082:   8%|██▏                       | 2/24 [01:10<10:37, 28.96s/it]
Val Loss: 0.3781:   8%|██▏                       | 2/24 [01:10<10:37, 28.96s/it]
Val Loss: 0.3781:  12%|███▎                      | 3/24 [01:10<05:36, 16.01s/it]
Val Loss: 0.5964:  12%|███▎                      | 3/24 [01:11<05:36, 16.01s/it]
Val Loss: 0.5964:  17%|████▎                     | 4/24 [01:11<03:18,  9.93s/it]
Val Loss: 0.5201:  17%|████▎                     | 4/24 [01:11<03:18,  9.93s/it]
Val Loss: 0.5201:  21%|█████▍                    | 5/24 [01:11<02:04,  6.56s/it]
Val Loss: 0.6154:  21%|█████▍                    | 5/24 [01:12<02:04,  6.56s/it]
Val Loss: 0.6154:  25%|██████▌                   | 6/24 [01:12<01:21,  4.53s/it]
Val Loss: 0.1840:  25%|██████▌                   | 6/24 [01:13<01:21,  4.53s/it]
Val Loss: 0.1840:  29%|███████▌                  | 7/24 [01:13<00:55,  3.24s/it]
Val Loss: 0.2424:  29%|███████▌                  | 7/24 [01:13<00:55,  3.24s/it]
Val Loss: 0.2424:  33%|████████▋                 | 8/24 [01:13<00:38,  2.40s/it]
Val Loss: 0.2164:  33%|████████▋                 | 8/24 [01:14<00:38,  2.40s/it]
Val Loss: 0.2164:  38%|█████████▊                | 9/24 [01:14<00:27,  1.84s/it]
Val Loss: 0.2845:  38%|█████████▊                | 9/24 [01:14<00:27,  1.84s/it]
Val Loss: 0.2845:  42%|██████████▍              | 10/24 [01:14<00:20,  1.47s/it]
Val Loss: 0.3605:  42%|██████████▍              | 10/24 [01:15<00:20,  1.47s/it]
Val Loss: 0.3605:  46%|███████████▍             | 11/24 [01:15<00:15,  1.21s/it]
Val Loss: 0.4447:  46%|███████████▍             | 11/24 [01:16<00:15,  1.21s/it]
Val Loss: 0.4447:  50%|████████████▌            | 12/24 [01:16<00:12,  1.03s/it]
Val Loss: 0.2143:  50%|████████████▌            | 12/24 [01:16<00:12,  1.03s/it]
Val Loss: 0.2143:  54%|█████████████▌           | 13/24 [01:16<00:09,  1.11it/s]
Val Loss: 0.2789:  54%|█████████████▌           | 13/24 [01:17<00:09,  1.11it/s]
Val Loss: 0.2789:  58%|██████████████▌          | 14/24 [01:17<00:08,  1.24it/s]
Val Loss: 0.2540:  58%|██████████████▌          | 14/24 [01:17<00:08,  1.24it/s]
Val Loss: 0.2540:  62%|███████████████▋         | 15/24 [01:17<00:06,  1.35it/s]
Val Loss: 0.3476:  62%|███████████████▋         | 15/24 [01:18<00:06,  1.35it/s]
Val Loss: 0.3476:  67%|████████████████▋        | 16/24 [01:18<00:05,  1.44it/s]
Val Loss: 0.4414:  67%|████████████████▋        | 16/24 [01:19<00:05,  1.44it/s]
Val Loss: 0.4414:  71%|█████████████████▋       | 17/24 [01:19<00:04,  1.50it/s]
Val Loss: 0.5235:  71%|█████████████████▋       | 17/24 [01:19<00:04,  1.50it/s]
Val Loss: 0.5235:  75%|██████████████████▊      | 18/24 [01:19<00:03,  1.54it/s]
Val Loss: 0.2226:  75%|██████████████████▊      | 18/24 [01:20<00:03,  1.54it/s]
Val Loss: 0.2226:  79%|███████████████████▊     | 19/24 [01:20<00:03,  1.59it/s]
Val Loss: 0.2610:  79%|███████████████████▊     | 19/24 [01:20<00:03,  1.59it/s]
Val Loss: 0.2610:  83%|████████████████████▊    | 20/24 [01:20<00:02,  1.63it/s]
Val Loss: 0.3163:  83%|████████████████████▊    | 20/24 [01:21<00:02,  1.63it/s]
Val Loss: 0.3163:  88%|█████████████████████▉   | 21/24 [01:21<00:01,  1.64it/s]
Val Loss: 0.3774:  88%|█████████████████████▉   | 21/24 [01:22<00:01,  1.64it/s]
Val Loss: 0.3774:  92%|██████████████████████▉  | 22/24 [01:22<00:01,  1.65it/s]
Val Loss: 0.4135:  92%|██████████████████████▉  | 22/24 [01:22<00:01,  1.65it/s]
Val Loss: 0.4135:  96%|███████████████████████▉ | 23/24 [01:22<00:00,  1.67it/s]
Val Loss: 0.4511:  96%|███████████████████████▉ | 23/24 [01:23<00:00,  1.67it/s]
Val Loss: 0.4511: 100%|█████████████████████████| 24/24 [01:23<00:00,  1.69it/s]
Val Loss: 0.4511: 100%|█████████████████████████| 24/24 [01:25<00:00,  3.55s/it]
Validation Average Loss: 0.3691
best trained epoch: 5, min_val_loss: 0.3316260253389676
Saving plots of losses and learning rates to: runs/exp/UBFC-rPPG_SizeW128_SizeH128_ClipLength160_DataTypeDiffNormalized_DataAugNone_LabelTypeDiffNormalized_Crop_faceTrue_BackendHC_Large_boxTrue_Large_size1.5_Dyamic_DetFalse_det_len30_Median_face_boxFalse/plots

===Testing===
Testing uses pretrained model!
/home/zyuanli/dev/projects/Compress-Robust-rPPG/results/checkpoints/A/A1/A1_Joint_Epoch5.pth
Running model evaluation on the testing dataset!
100%|█████████████████████████████████████████████| 8/8 [00:23<00:00,  2.99s/it]

Calculating metrics!
100%|█████████████████████████████████████████████| 5/5 [00:01<00:00,  3.88it/s]
FFT MAE (FFT Label): 1.7578125 +/- 0.8541433439714796
FFT RMSE (FFT Label): 3.4416035520910344 +/- 2.630062608271943
FFT MAPE (FFT Label): 1.9961810889230245 +/- 1.0722417433789222
FFT Pearson (FFT Label): 0.9863046650970602 +/- 0.05215659843948414
FFT SNR (FFT Label): 1.8062339451190985 +/- 0.8890755028479504 (dB)
Saved A1_Joint_Epoch5_UBFC-rPPG-h264_FFT_BlandAltman_ScatterPlot.pdf to runs/exp/UBFC-rPPG-h264_SizeW128_SizeH128_ClipLength160_DataTypeDiffNormalized_DataAugNone_LabelTypeDiffNormalized_Crop_faceTrue_BackendHC_Large_boxTrue_Large_size1.5_Dyamic_DetFalse_det_len30_Median_face_boxFalse/bland_altman_plots.
Saved A1_Joint_Epoch5_UBFC-rPPG-h264_FFT_BlandAltman_DifferencePlot.pdf to runs/exp/UBFC-rPPG-h264_SizeW128_SizeH128_ClipLength160_DataTypeDiffNormalized_DataAugNone_LabelTypeDiffNormalized_Crop_faceTrue_BackendHC_Large_boxTrue_Large_size1.5_Dyamic_DetFalse_det_len30_Median_face_boxFalse/bland_altman_plots.
Saving outputs to: runs/exp/UBFC-rPPG-h264_SizeW128_SizeH128_ClipLength160_DataTypeDiffNormalized_DataAugNone_LabelTypeDiffNormalized_Crop_faceTrue_BackendHC_Large_boxTrue_Large_size1.5_Dyamic_DetFalse_det_len30_Median_face_boxFalse/saved_test_outputs/A1_Joint_Epoch5_UBFC-rPPG-h264_outputs.pickle